frame,view,track_id,x,y,w,h
0,View_005,1,528.5,187.4,118.2,301.4
0,View_005,2,284.3,152.8,41.3,132.6
0,View_005,3,160.8,180.4,14.4,22.9
1,View_005,1,518.1,191.6,115.7,295.4
1,View_005,2,290.4,155.1,41.4,132.6
2,View_005,1,506.3,192.6,112.0,286.7
2,View_005,2,292.2,156.2,41.6,133.2
2,View_005,3,160.6,180.4,14.3,22.6
3,View_005,1,492.7,186.0,103.4,265.0
3,View_005,2,301.3,155.1,42.5,134.7
4,View_005,1,483.3,181.7,102.2,263.5
4,View_005,2,304.4,154.6,44.0,137.5
4,View_005,3,160.5,180.4,14.3,22.7
5,View_005,1,465.2,183.3,100.6,259.3
5,View_005,2,307.3,155.4,45.6,140.3
6,View_005,1,458.5,187.5,96.7,248.9
6,View_005,2,309.6,155.2,46.7,142.3
7,View_005,1,448.5,187.8,93.1,239.1
7,View_005,2,310.8,155.4,47.1,142.9
8,View_005,1,435.4,184.0,92.9,239.4
8,View_005,2,311.7,155.7,47.2,143.8
8,View_005,3,160.6,180.4,14.0,22.3
9,View_005,1,428.2,183.7,92.5,239.3
9,View_005,2,313.6,156.4,48.2,146.5
10,View_005,1,420.6,183.7,89.6,234.3
10,View_005,2,319.3,156.9,49.1,147.9
11,View_005,1,413.3,181.4,85.5,225.2
11,View_005,2,323.5,156.7,50.6,149.2
12,View_005,1,406.1,179.6,82.4,217.0
12,View_005,2,324.0,157.2,52.0,150.6
13,View_005,1,400.7,178.3,82.1,216.4
13,View_005,2,321.6,158.7,52.2,150.5
14,View_005,1,393.6,177.5,80.7,215.4
14,View_005,2,319.2,159.1,53.2,153.5
15,View_005,1,387.3,176.0,78.4,212.1
15,View_005,2,315.3,158.5,54.1,156.5
16,View_005,1,379.3,175.0,75.1,203.9
16,View_005,2,312.3,158.2,55.0,158.4
17,View_005,1,372.3,173.4,73.0,199.9
17,View_005,2,308.1,160.8,56.1,159.1
18,View_005,1,367.3,172.3,72.2,199.2
18,View_005,2,302.9,161.9,58.4,162.9
19,View_005,1,363.4,171.8,71.3,198.8
19,View_005,2,296.5,160.5,60.0,166.2
20,View_005,1,361.2,171.1,69.8,197.3
20,View_005,2,290.9,159.5,60.2,167.9
21,View_005,1,359.5,170.9,67.0,192.5
21,View_005,2,287.0,159.2,60.9,170.2
21,View_005,4,685.5,196.6,25.7,182.2
21,View_005,5,686.1,196.4,33.8,182.3
22,View_005,1,357.5,170.8,64.7,188.8
22,View_005,2,280.6,161.5,61.6,172.1
22,View_005,5,676.6,195.8,34.7,184.6
23,View_005,1,351.0,171.0,64.1,186.2
23,View_005,2,274.3,160.5,62.3,174.6
23,View_005,5,661.3,196.6,36.0,183.6
24,View_005,1,343.0,171.1,64.5,186.1
24,View_005,2,270.8,160.6,62.7,175.1
24,View_005,5,647.1,193.9,37.8,185.9
25,View_005,1,338.2,170.5,64.3,185.7
25,View_005,2,268.3,159.0,63.5,178.0
25,View_005,5,629.7,190.5,38.9,189.0
26,View_005,1,336.3,169.9,63.4,183.8
26,View_005,2,267.7,158.5,63.9,180.6
26,View_005,5,606.8,188.8,41.4,190.9
27,View_005,1,332.6,169.1,62.3,182.0
27,View_005,2,269.7,160.2,62.8,179.2
27,View_005,5,587.7,191.1,44.3,188.2
28,View_005,1,328.8,169.2,61.5,180.4
28,View_005,2,271.5,160.8,62.3,179.6
28,View_005,5,572.7,191.9,46.7,187.3
29,View_005,1,325.0,169.2,61.0,179.8
29,View_005,2,272.7,161.0,62.0,182.1
29,View_005,5,554.5,190.1,46.1,184.0
30,View_005,1,323.6,168.9,60.3,179.9
30,View_005,2,274.4,161.2,61.2,183.0
30,View_005,5,530.1,190.5,48.1,181.9
31,View_005,1,322.4,167.1,60.1,181.2
31,View_005,2,278.3,161.9,60.3,182.7
31,View_005,5,511.8,191.8,50.9,177.8
32,View_005,1,322.1,165.8,60.1,181.9
32,View_005,2,278.9,162.0,58.9,182.7
32,View_005,5,499.7,191.5,52.9,174.9
33,View_005,1,323.2,164.8,59.8,181.9
33,View_005,2,279.2,161.4,57.9,183.8
33,View_005,5,487.6,188.5,52.9,172.7
34,View_005,1,323.8,163.7,59.7,182.5
34,View_005,2,279.2,161.7,57.3,182.9
34,View_005,5,474.6,188.6,52.7,171.5
35,View_005,1,325.4,163.9,58.6,178.9
35,View_005,2,275.6,162.2,56.5,181.6
35,View_005,5,461.1,189.9,52.6,168.8
36,View_005,1,325.8,163.9,58.8,177.5
36,View_005,2,275.7,162.4,56.4,180.8
36,View_005,5,449.6,186.9,51.5,165.1
37,View_005,1,328.0,164.8,58.8,176.0
37,View_005,2,273.2,162.6,55.9,180.5
37,View_005,5,440.0,182.0,50.7,162.1
38,View_005,1,330.3,165.1,59.5,175.5
38,View_005,2,276.2,161.8,56.6,180.4
38,View_005,5,422.1,181.3,52.2,160.7
39,View_005,1,333.2,166.8,60.0,173.8
39,View_005,2,277.5,160.6,57.9,181.5
39,View_005,5,411.4,179.7,53.5,160.0
40,View_005,1,335.5,167.4,60.9,173.5
40,View_005,2,277.8,159.8,58.9,182.5
40,View_005,5,404.9,178.5,52.7,155.6
41,View_005,1,335.7,167.8,62.2,172.6
41,View_005,2,276.6,159.4,59.5,183.0
41,View_005,5,395.1,176.3,50.9,152.6
42,View_005,1,334.8,167.5,62.2,171.7
42,View_005,2,277.2,159.8,60.7,183.8
42,View_005,5,384.0,175.5,49.8,150.1
43,View_005,1,343.2,166.8,64.9,170.5
43,View_005,2,276.6,159.0,61.4,184.8
44,View_005,1,340.8,165.6,66.0,171.8
44,View_005,2,277.5,160.1,61.8,184.1
45,View_005,1,340.0,164.6,66.3,173.3
45,View_005,2,279.8,160.9,62.7,184.5
46,View_005,1,330.2,164.6,68.5,175.0
46,View_005,2,280.3,161.5,63.2,184.0
46,View_005,5,329.6,168.3,50.2,141.7
47,View_005,1,337.0,163.7,66.9,175.1
47,View_005,2,277.2,161.9,62.6,183.9
47,View_005,5,314.4,170.8,49.1,139.1
48,View_005,1,341.0,163.0,65.2,175.3
48,View_005,2,276.8,161.4,62.2,184.3
48,View_005,5,306.5,166.3,49.3,143.2
48,View_005,4,680.4,175.5,28.9,163.3
49,View_005,1,343.1,162.9,63.6,175.6
49,View_005,2,277.7,161.2,61.9,184.4
49,View_005,5,297.9,163.1,48.7,147.4
49,View_005,4,677.0,174.4,33.6,165.6
50,View_005,1,344.4,163.2,61.8,174.6
50,View_005,2,278.6,161.3,61.4,183.2
50,View_005,4,674.7,173.2,37.1,167.2
51,View_005,1,345.2,163.2,60.9,175.7
51,View_005,2,278.4,162.5,61.0,182.7
51,View_005,4,671.5,172.9,40.2,169.4
52,View_005,1,345.5,163.3,59.8,176.2
52,View_005,2,277.5,162.5,60.2,182.7
52,View_005,4,652.7,172.7,45.6,169.9
52,View_005,5,249.0,164.7,47.1,144.4
53,View_005,1,345.9,163.4,58.7,176.4
53,View_005,2,274.8,162.2,59.1,182.4
53,View_005,4,640.9,173.5,49.7,170.3
53,View_005,5,237.1,165.4,46.6,144.7
54,View_005,1,346.7,163.6,57.6,176.1
54,View_005,2,271.8,161.8,58.8,183.2
54,View_005,4,629.9,172.9,53.2,171.5
54,View_005,5,221.0,167.2,48.6,146.1
55,View_005,1,348.1,164.1,56.6,175.6
55,View_005,2,271.2,161.6,58.4,183.6
55,View_005,4,619.4,171.4,54.3,172.7
55,View_005,5,208.9,168.0,51.0,149.0
56,View_005,1,349.5,164.7,55.6,175.0
56,View_005,2,272.7,161.6,57.3,181.8
56,View_005,4,610.0,171.1,54.8,172.6
56,View_005,5,196.6,167.2,50.7,150.7
57,View_005,1,350.5,165.1,54.6,174.3
57,View_005,2,273.6,161.8,56.9,180.8
57,View_005,4,591.3,171.3,57.4,171.6
57,View_005,5,177.2,167.4,52.4,152.2
58,View_005,1,351.1,165.3,53.8,174.3
58,View_005,2,273.8,161.5,56.7,180.2
58,View_005,4,579.0,172.3,60.5,171.6
58,View_005,5,161.0,169.0,55.3,153.5
59,View_005,1,350.0,164.9,53.6,174.5
59,View_005,2,274.9,162.0,56.6,179.8
59,View_005,4,570.6,171.7,63.4,172.4
59,View_005,5,149.9,170.0,57.4,155.3
60,View_005,1,350.2,164.5,53.3,175.1
60,View_005,2,275.9,163.7,57.1,180.6
60,View_005,4,559.7,169.7,65.1,172.8
60,View_005,5,137.5,169.4,57.2,156.8
61,View_005,1,350.3,164.4,53.0,175.4
61,View_005,2,277.8,164.9,57.7,180.0
61,View_005,4,546.6,168.4,64.9,171.8
61,View_005,5,124.7,167.5,57.6,160.8
62,View_005,1,350.8,164.6,52.5,175.2
62,View_005,2,275.4,165.4,59.7,179.8
62,View_005,4,528.4,168.6,65.9,171.4
62,View_005,5,106.3,167.9,61.0,166.2
63,View_005,1,351.6,164.7,51.8,175.1
63,View_005,2,270.6,166.4,62.0,177.5
63,View_005,4,517.4,170.1,66.0,167.9
63,View_005,5,95.0,168.8,61.7,168.1
64,View_005,1,352.6,163.9,51.2,176.1
64,View_005,2,268.2,165.5,65.0,178.7
64,View_005,4,507.7,170.0,67.2,167.6
64,View_005,5,74.8,167.3,61.2,171.0
65,View_005,1,352.4,163.1,50.7,176.8
65,View_005,2,267.7,164.7,67.6,180.0
65,View_005,4,497.8,168.2,67.2,169.1
65,View_005,5,51.4,168.0,63.7,170.7
66,View_005,1,351.3,163.2,50.2,176.6
66,View_005,2,274.4,164.0,67.9,181.0
66,View_005,4,477.3,166.9,68.2,170.6
66,View_005,5,33.6,172.9,66.4,169.4
67,View_005,1,350.8,163.4,49.7,176.0
67,View_005,2,278.1,163.5,67.9,181.7
67,View_005,4,466.6,166.8,68.2,168.9
67,View_005,5,17.4,173.1,67.2,170.7
68,View_005,1,351.0,163.3,49.3,175.8
68,View_005,2,278.8,163.1,67.8,182.0
68,View_005,4,456.8,166.4,69.9,170.7
68,View_005,5,2.5,172.2,67.6,175.1
69,View_005,1,351.5,163.9,48.8,175.6
69,View_005,2,272.3,163.5,69.2,181.7
69,View_005,4,449.1,165.9,69.9,170.2
69,View_005,5,0.0,173.3,56.9,174.1
70,View_005,1,352.4,163.9,48.5,176.0
70,View_005,2,270.1,164.7,69.5,179.1
70,View_005,4,440.2,164.1,68.2,169.5
70,View_005,5,0.0,175.2,49.1,172.3
71,View_005,1,352.9,164.1,48.2,176.2
71,View_005,2,268.3,164.7,70.7,179.9
71,View_005,4,430.5,162.7,66.1,168.2
72,View_005,1,351.9,164.6,48.2,176.0
72,View_005,2,271.4,163.9,70.7,181.0
72,View_005,4,414.4,163.4,66.5,166.1
72,View_005,10,661.6,157.5,53.5,157.4
73,View_005,1,352.3,165.0,47.6,175.0
73,View_005,2,275.7,163.6,70.0,181.5
73,View_005,4,403.6,162.3,67.9,167.2
73,View_005,10,660.1,159.4,53.9,158.1
74,View_005,1,352.0,165.1,47.1,174.8
74,View_005,2,277.0,163.5,69.7,182.0
74,View_005,4,394.5,162.4,65.8,164.7
74,View_005,10,651.0,156.7,53.5,157.8
75,View_005,1,352.1,164.8,46.7,173.8
75,View_005,2,274.3,163.6,70.4,181.8
75,View_005,4,387.4,160.9,64.4,165.0
75,View_005,10,633.2,154.8,54.0,159.1
76,View_005,1,352.6,164.6,46.8,175.2
76,View_005,2,270.9,164.7,70.7,179.5
76,View_005,4,379.9,161.9,63.1,165.1
76,View_005,10,615.5,149.1,57.1,164.5
77,View_005,1,352.7,164.3,47.6,174.4
77,View_005,2,270.0,164.6,71.7,180.0
77,View_005,4,360.0,162.0,66.9,173.6
77,View_005,10,607.2,153.7,56.5,158.6
78,View_005,2,274.0,163.4,71.7,181.5
78,View_005,4,345.5,164.2,67.3,174.7
78,View_005,10,594.3,151.3,55.6,156.9
78,View_005,13,382.9,161.4,51.6,145.6
79,View_005,2,276.9,162.9,71.2,182.4
79,View_005,4,339.6,161.7,68.7,179.3
79,View_005,10,580.8,151.7,54.2,155.0
80,View_005,2,277.5,162.3,70.9,183.2
80,View_005,4,331.2,161.0,65.9,175.5
80,View_005,10,564.9,152.9,54.4,153.2
80,View_005,1,351.2,161.0,48.5,178.8
81,View_005,2,276.1,162.1,70.3,183.5
81,View_005,10,554.1,157.3,54.5,147.6
81,View_005,1,346.6,160.2,49.6,180.0
82,View_005,2,277.7,162.7,70.0,183.2
82,View_005,10,545.0,155.2,56.5,149.8
82,View_005,1,351.0,161.4,48.6,178.8
82,View_005,15,6.3,178.2,48.9,204.7
82,View_005,4,318.0,161.4,55.5,153.1
83,View_005,2,275.5,161.4,69.5,184.4
83,View_005,10,531.9,154.0,54.3,148.1
83,View_005,1,353.2,162.9,47.3,177.1
83,View_005,15,9.3,179.0,49.4,205.2
83,View_005,4,314.1,161.5,53.2,147.6
84,View_005,2,273.7,160.8,68.7,185.6
84,View_005,10,517.4,151.2,54.2,148.7
84,View_005,1,348.3,164.4,47.8,174.7
84,View_005,15,21.6,178.4,49.7,205.7
84,View_005,4,310.0,160.9,50.7,141.4
84,View_005,17,333.0,160.4,31.5,141.6
85,View_005,2,271.2,159.0,67.7,186.1
85,View_005,10,502.7,152.3,55.0,146.5
85,View_005,1,352.5,164.1,47.4,175.0
85,View_005,15,48.9,178.9,51.5,205.6
85,View_005,4,309.8,159.2,49.9,141.1
86,View_005,2,267.4,159.1,66.7,185.3
86,View_005,10,496.3,152.7,56.0,145.9
86,View_005,1,355.0,164.5,46.8,174.7
86,View_005,15,64.3,181.9,53.5,202.4
86,View_005,4,309.9,159.4,48.1,139.1
87,View_005,2,266.4,160.7,65.0,183.4
87,View_005,10,489.4,151.6,55.3,144.8
87,View_005,1,356.5,166.0,45.8,172.5
87,View_005,15,75.9,181.3,55.8,202.8
87,View_005,4,307.6,160.2,46.2,136.2
88,View_005,2,272.2,159.8,64.1,182.5
88,View_005,10,475.4,149.5,54.3,144.3
88,View_005,1,356.7,166.2,45.5,172.6
88,View_005,15,99.7,179.7,56.1,204.5
89,View_005,2,272.7,161.4,62.0,180.3
89,View_005,10,464.2,150.6,53.1,141.6
89,View_005,1,356.2,166.1,45.4,173.1
89,View_005,15,126.5,181.7,57.9,201.2
89,View_005,20,252.2,152.8,44.9,143.9
90,View_005,2,276.2,161.7,60.4,179.6
90,View_005,10,455.1,153.7,51.9,136.8
90,View_005,1,356.2,165.6,45.4,173.8
90,View_005,15,145.7,185.2,60.8,198.3
90,View_005,20,245.6,154.7,44.2,141.0
91,View_005,2,277.0,161.4,59.9,180.6
91,View_005,10,447.3,152.4,51.0,135.8
91,View_005,1,355.9,165.6,45.5,174.2
91,View_005,15,162.3,184.0,62.7,200.5
91,View_005,20,241.0,157.0,43.5,138.2
92,View_005,2,276.4,161.0,59.5,181.3
92,View_005,10,439.1,148.4,49.6,136.0
92,View_005,1,354.2,165.0,45.7,173.7
92,View_005,15,188.7,183.7,62.4,200.9
92,View_005,20,237.3,155.8,42.4,134.8
93,View_005,2,277.1,161.4,59.0,181.6
93,View_005,10,426.5,146.8,49.6,135.9
93,View_005,1,351.0,164.5,46.0,171.9
93,View_005,15,211.5,184.5,64.7,199.7
93,View_005,20,236.0,153.2,29.0,88.2
93,View_005,4,270.2,156.4,41.6,125.8
94,View_005,2,280.3,161.8,58.4,181.3
94,View_005,10,417.3,149.0,49.3,132.7
94,View_005,1,346.0,164.0,47.3,170.8
94,View_005,15,227.2,186.3,66.6,197.9
94,View_005,20,218.7,152.9,41.8,125.5
95,View_005,2,287.1,162.6,56.2,177.2
95,View_005,10,412.0,149.2,49.4,132.1
95,View_005,1,343.4,164.2,48.2,169.8
95,View_005,15,245.2,166.8,70.8,217.5
95,View_005,20,213.0,153.9,44.1,130.7
96,View_005,10,402.1,146.4,48.2,130.9
96,View_005,1,345.0,164.5,47.9,169.0
96,View_005,15,276.3,175.7,69.0,205.2
96,View_005,20,209.4,153.1,45.6,133.9
96,View_005,4,253.2,155.6,39.5,121.6
97,View_005,10,392.6,146.1,47.5,130.6
97,View_005,1,344.3,164.0,48.1,169.9
97,View_005,15,293.9,179.9,70.6,198.8
97,View_005,20,206.8,152.5,45.2,132.1
97,View_005,4,249.2,154.5,39.8,123.4
98,View_005,10,384.7,148.3,46.2,127.1
98,View_005,1,352.1,163.0,35.7,121.5
98,View_005,15,312.6,184.2,70.1,193.2
98,View_005,20,205.1,150.7,44.9,131.3
98,View_005,4,244.9,152.7,39.6,123.6
98,View_005,2,278.8,161.9,56.1,180.6
99,View_005,10,380.2,149.4,44.7,125.7
99,View_005,15,333.3,177.4,70.8,200.2
99,View_005,20,202.7,151.2,44.3,129.8
99,View_005,4,242.0,152.7,39.9,124.2
99,View_005,2,277.2,162.4,55.0,179.2
100,View_005,15,347.6,169.7,73.2,207.6
100,View_005,20,200.2,151.8,43.3,127.0
100,View_005,4,239.8,153.0,39.5,123.0
100,View_005,2,277.8,161.4,56.0,180.4
100,View_005,1,340.3,160.3,44.9,155.0
101,View_005,15,364.0,181.7,68.5,194.0
101,View_005,20,195.6,150.4,42.9,125.2
101,View_005,4,237.4,152.0,38.9,121.5
101,View_005,2,274.4,161.5,55.1,179.4
101,View_005,1,342.2,160.5,46.5,160.9
102,View_005,15,381.8,184.2,64.9,186.8
102,View_005,20,191.2,149.1,43.2,124.6
102,View_005,4,235.1,151.0,38.4,120.0
102,View_005,2,270.9,159.9,54.3,179.3
102,View_005,1,342.2,161.1,47.9,162.7
103,View_005,15,401.8,185.4,64.8,184.9
103,View_005,20,185.8,149.4,43.7,123.7
103,View_005,4,232.8,151.2,38.0,119.0
103,View_005,2,262.4,159.8,54.2,180.7
103,View_005,1,348.2,160.0,48.8,166.6
104,View_005,15,415.3,187.4,65.2,180.7
104,View_005,20,182.7,150.3,44.2,122.4
104,View_005,4,232.2,152.1,36.7,115.7
104,View_005,2,259.3,160.7,54.2,181.5
104,View_005,1,353.7,161.1,50.1,168.9
105,View_005,15,425.6,188.3,64.5,175.8
105,View_005,20,181.0,150.4,44.5,120.9
105,View_005,4,230.6,151.5,36.2,115.2
105,View_005,2,259.2,162.4,53.1,177.9
105,View_005,1,354.3,162.5,50.8,168.8
106,View_005,15,443.4,186.1,63.0,173.8
106,View_005,20,180.6,148.9,44.2,119.4
106,View_005,4,229.1,149.9,35.6,114.8
106,View_005,2,256.6,163.6,52.6,176.1
106,View_005,1,354.7,163.1,51.3,169.0
106,View_005,17,341.4,142.1,28.0,114.7
107,View_005,15,455.8,187.0,61.2,171.0
107,View_005,20,180.7,147.2,44.3,119.9
107,View_005,4,227.4,148.5,35.6,115.0
107,View_005,2,253.3,161.2,52.6,179.4
107,View_005,1,356.6,163.2,51.3,169.0
107,View_005,17,339.5,143.8,29.3,112.1
108,View_005,15,466.1,188.4,60.9,169.0
108,View_005,20,178.8,147.6,43.6,117.4
108,View_005,4,225.2,149.2,35.2,113.9
108,View_005,2,249.2,157.3,53.1,184.6
108,View_005,1,356.7,164.3,51.3,167.7
108,View_005,17,334.8,142.2,30.1,114.4
109,View_005,15,483.1,184.4,59.4,167.5
109,View_005,20,177.7,148.8,43.2,115.3
109,View_005,4,223.6,150.5,34.6,111.9
109,View_005,2,249.9,157.7,52.2,185.0
109,View_005,1,355.1,164.1,52.0,168.1
109,View_005,17,330.5,140.2,30.6,115.4
110,View_005,15,496.2,182.6,58.8,167.8
110,View_005,20,176.6,149.4,42.7,113.5
110,View_005,4,223.2,150.4,34.0,110.8
110,View_005,2,251.3,158.8,51.0,184.4
110,View_005,1,352.8,165.5,52.6,166.6
110,View_005,17,324.2,139.7,31.4,115.3
111,View_005,15,510.9,184.1,59.3,164.4
111,View_005,20,175.5,148.7,42.2,110.9
111,View_005,4,223.2,149.0,33.1,108.0
111,View_005,2,254.3,160.2,50.3,182.9
111,View_005,1,348.9,165.5,53.9,167.2
111,View_005,17,319.2,140.6,31.5,113.1
112,View_005,15,518.1,184.7,59.4,161.9
112,View_005,20,174.9,148.2,42.3,110.5
112,View_005,4,222.5,148.4,33.1,107.4
112,View_005,2,257.6,161.6,50.1,181.6
112,View_005,1,345.6,165.6,54.5,166.8
112,View_005,17,315.2,140.9,31.4,111.1
113,View_005,15,533.1,182.2,58.4,160.3
113,View_005,20,173.1,148.7,42.3,110.2
113,View_005,4,221.2,149.3,33.1,106.9
113,View_005,2,260.6,162.0,51.2,181.7
113,View_005,1,341.9,164.2,55.0,168.1
113,View_005,17,310.6,140.2,31.3,110.1
114,View_005,15,548.0,182.0,57.1,158.8
114,View_005,20,171.7,149.2,42.0,109.1
114,View_005,4,219.3,149.9,32.7,105.6
114,View_005,2,264.7,163.2,52.3,181.5
114,View_005,1,337.1,163.3,55.7,168.9
114,View_005,17,307.5,140.6,30.1,105.4
115,View_005,15,557.1,183.4,56.5,156.4
115,View_005,20,170.9,146.7,42.4,110.0
115,View_005,4,217.8,149.3,32.3,104.0
115,View_005,2,271.5,163.3,53.1,181.5
115,View_005,1,334.2,163.2,56.0,168.8
116,View_005,15,571.2,182.8,55.9,155.8
116,View_005,20,169.9,145.4,41.7,108.1
116,View_005,4,215.5,148.1,32.3,103.9
116,View_005,2,281.3,161.8,53.6,186.3
116,View_005,1,333.6,162.6,56.1,169.2
117,View_005,15,585.0,181.4,54.7,154.9
117,View_005,20,168.1,144.7,41.5,107.6
117,View_005,4,213.4,148.1,32.4,103.1
117,View_005,2,288.3,163.3,53.0,186.2
117,View_005,1,333.5,163.0,56.2,169.4
118,View_005,15,599.8,181.6,55.7,153.3
118,View_005,20,165.9,145.3,40.9,105.9
118,View_005,4,212.4,148.7,32.5,102.0
118,View_005,2,294.2,165.2,52.5,184.6
118,View_005,1,333.8,162.6,56.2,169.9
118,View_005,17,294.8,138.8,25.2,85.5
119,View_005,15,608.1,182.3,56.0,150.6
119,View_005,20,162.1,145.0,40.8,104.7
119,View_005,4,212.4,149.0,32.3,100.8
119,View_005,2,298.2,165.5,52.6,184.7
119,View_005,1,335.6,163.6,55.3,168.2
119,View_005,17,288.7,140.0,27.8,93.9
120,View_005,15,618.2,180.6,56.2,150.1
120,View_005,20,160.0,143.6,41.3,105.0
120,View_005,4,213.1,148.5,31.9,99.4
120,View_005,2,300.3,163.9,52.5,186.3
120,View_005,1,338.0,163.3,54.9,168.5
120,View_005,17,284.6,141.1,28.7,96.4
121,View_005,15,634.2,179.9,55.0,148.9
121,View_005,20,158.5,143.4,41.2,104.0
121,View_005,4,211.7,148.2,32.0,99.2
121,View_005,2,304.3,163.9,52.2,186.5
121,View_005,1,340.1,162.0,54.6,169.3
121,View_005,17,280.0,140.5,29.6,98.6
122,View_005,15,644.2,181.1,54.2,146.9
122,View_005,20,156.8,144.5,40.9,102.3
122,View_005,4,209.4,148.6,31.9,97.9
122,View_005,2,307.7,164.8,52.0,185.0
122,View_005,1,343.9,163.3,54.4,168.0
122,View_005,17,277.4,139.1,30.0,99.0
123,View_005,15,654.3,180.9,54.6,147.6
123,View_005,20,156.2,145.2,40.8,101.2
123,View_005,4,207.5,148.2,31.7,97.7
123,View_005,2,309.3,165.9,52.0,183.6
123,View_005,1,346.0,163.6,54.9,167.5
123,View_005,17,274.1,139.6,30.5,99.8
124,View_005,15,667.2,178.1,52.8,146.8
124,View_005,20,155.9,142.7,40.9,101.3
124,View_005,4,204.1,146.9,31.4,96.4
124,View_005,2,308.5,164.5,51.8,184.3
124,View_005,1,344.6,162.6,55.0,167.8
124,View_005,17,270.6,140.2,30.5,99.4
125,View_005,15,675.0,176.5,45.0,147.0
125,View_005,20,155.7,142.5,40.2,99.1
125,View_005,4,201.0,146.0,31.2,96.4
125,View_005,2,308.3,162.9,51.6,185.3
125,View_005,1,343.7,163.1,54.5,166.8
125,View_005,17,268.1,140.6,29.7,97.3
126,View_005,15,679.0,180.4,41.0,143.1
126,View_005,20,156.2,143.7,39.0,96.4
126,View_005,4,199.1,146.6,30.9,95.5
126,View_005,2,309.5,162.1,51.3,185.9
126,View_005,1,344.8,164.1,53.6,165.9
126,View_005,17,265.4,139.3,29.6,96.4
127,View_005,15,685.3,192.6,34.7,130.1
127,View_005,20,155.8,145.4,38.4,94.8
127,View_005,4,198.4,147.4,30.8,94.8
127,View_005,2,315.0,161.5,51.5,184.5
127,View_005,1,346.8,164.9,52.4,165.4
127,View_005,17,264.1,139.6,29.3,95.5
127,View_005,27,654.5,171.4,41.0,130.1
128,View_005,20,153.5,144.2,38.7,95.6
128,View_005,4,198.2,146.9,30.1,92.5
128,View_005,2,318.5,162.0,51.6,185.4
128,View_005,1,349.1,165.6,51.0,165.0
128,View_005,17,261.7,139.8,29.3,95.3
128,View_005,27,640.8,172.4,41.3,129.6
129,View_005,20,150.7,142.3,38.7,95.7
129,View_005,4,197.1,145.9,30.1,91.9
129,View_005,2,321.9,161.9,52.7,187.8
129,View_005,1,353.0,164.4,50.8,167.6
129,View_005,17,259.4,139.7,29.0,94.2
129,View_005,27,626.6,172.1,42.0,131.1
130,View_005,20,148.3,142.4,38.8,95.5
130,View_005,4,196.2,145.4,30.2,91.4
130,View_005,2,330.3,161.8,55.7,189.7
130,View_005,17,257.5,139.3,28.7,92.9
130,View_005,27,613.3,170.6,42.7,133.5
131,View_005,20,145.4,143.6,38.9,95.1
131,View_005,4,194.3,145.8,30.4,90.7
131,View_005,2,332.2,162.1,55.9,189.2
131,View_005,17,255.5,138.6,28.5,92.0
131,View_005,27,592.2,172.4,43.3,132.0
132,View_005,20,145.0,145.2,37.8,92.2
132,View_005,4,192.7,145.7,30.7,90.7
132,View_005,2,332.9,163.6,55.6,188.3
132,View_005,17,252.9,138.6,29.0,91.6
132,View_005,27,580.4,172.3,45.0,132.5
133,View_005,20,143.9,144.4,37.7,91.8
133,View_005,4,189.2,143.7,31.2,91.2
133,View_005,2,333.7,163.8,56.6,188.9
133,View_005,17,251.0,139.2,28.9,91.0
133,View_005,27,568.7,169.8,46.0,135.1
134,View_005,20,143.6,143.2,37.1,90.2
134,View_005,4,185.8,143.1,30.9,90.5
134,View_005,2,344.4,163.3,58.8,188.1
134,View_005,17,250.2,138.4,28.3,89.2
134,View_005,27,554.0,168.6,46.3,136.3
135,View_005,20,143.0,143.0,36.8,89.4
135,View_005,4,183.7,144.2,29.7,88.2
135,View_005,2,353.1,162.1,62.0,190.6
135,View_005,17,248.8,138.4,28.1,88.1
135,View_005,27,538.6,170.6,47.5,135.1
136,View_005,20,142.9,143.5,36.4,88.8
136,View_005,4,181.3,144.9,28.9,86.1
136,View_005,17,247.2,138.1,28.1,88.0
136,View_005,27,526.5,170.4,48.7,135.9
136,View_005,1,347.0,162.2,57.0,187.5
137,View_005,20,141.8,142.6,36.4,89.4
137,View_005,4,179.7,145.1,28.4,84.6
137,View_005,17,245.5,138.4,28.4,88.1
137,View_005,27,514.0,168.4,48.6,137.5
137,View_005,1,349.2,161.7,58.6,189.5
138,View_005,20,141.2,141.6,36.2,88.9
138,View_005,4,178.3,145.0,27.7,82.7
138,View_005,17,243.4,138.9,28.5,86.6
138,View_005,27,492.1,168.7,50.0,138.1
138,View_005,1,350.4,161.7,58.6,190.1
139,View_005,20,140.5,140.7,35.7,88.8
139,View_005,4,176.1,143.8,27.8,83.4
139,View_005,17,239.5,138.5,28.3,86.1
139,View_005,27,475.7,168.9,52.7,139.4
139,View_005,1,352.5,162.9,58.4,189.7
139,View_005,2,364.8,163.1,59.9,189.3
140,View_005,20,139.8,140.8,35.0,88.1
140,View_005,4,174.3,143.1,28.1,84.6
140,View_005,17,236.8,138.4,27.6,84.0
140,View_005,27,464.5,168.5,53.7,139.0
140,View_005,1,354.9,163.9,58.1,189.8
140,View_005,2,379.3,164.8,53.0,176.9
141,View_005,20,139.5,141.0,34.2,87.3
141,View_005,4,172.1,142.5,28.1,84.7
141,View_005,17,234.5,138.9,27.0,82.5
141,View_005,27,451.4,166.6,53.1,141.2
141,View_005,1,360.7,165.3,58.5,188.9
142,View_005,20,140.1,141.3,33.6,86.5
142,View_005,4,170.5,142.7,27.6,83.4
142,View_005,17,233.0,139.4,26.7,82.7
142,View_005,27,435.1,166.2,54.3,142.7
142,View_005,1,363.6,165.8,59.5,190.4
143,View_005,20,140.3,139.5,33.1,86.8
143,View_005,4,169.4,142.3,27.5,83.1
143,View_005,17,231.6,138.5,26.8,84.5
143,View_005,27,422.4,166.8,55.2,143.4
143,View_005,1,368.1,164.5,60.6,192.8
144,View_005,20,139.6,140.0,32.0,85.2
144,View_005,4,167.7,142.7,27.4,82.3
144,View_005,17,231.0,138.8,25.9,83.4
144,View_005,2,386.4,163.6,57.5,190.9
145,View_005,20,138.5,140.5,31.4,84.5
145,View_005,4,166.7,143.3,26.9,80.6
145,View_005,17,230.2,138.7,25.2,82.8
145,View_005,2,390.4,165.1,59.4,193.8
146,View_005,20,134.3,140.2,31.7,84.3
146,View_005,4,166.1,143.3,26.9,80.2
146,View_005,17,229.2,138.2,25.3,84.0
146,View_005,2,400.3,168.5,61.9,190.1
146,View_005,27,370.5,168.3,55.8,144.6
147,View_005,20,130.9,140.0,31.7,83.5
147,View_005,4,165.1,143.3,26.6,79.6
147,View_005,17,228.9,138.2,25.2,84.5
147,View_005,2,404.7,170.1,64.4,189.4
147,View_005,27,361.8,167.0,56.6,148.4
148,View_005,20,128.0,140.1,32.0,83.5
148,View_005,4,164.4,144.6,26.3,77.7
148,View_005,17,229.4,138.1,25.2,85.2
148,View_005,2,414.3,169.7,66.3,188.7
148,View_005,27,349.2,164.9,56.3,151.8
149,View_005,20,126.2,140.3,32.2,83.1
149,View_005,4,164.7,144.8,27.0,77.8
149,View_005,17,229.9,138.2,24.9,84.4
149,View_005,2,432.9,169.1,66.2,190.9
149,View_005,27,333.8,165.5,57.3,151.8
150,View_005,20,124.9,141.3,32.0,81.6
150,View_005,4,163.4,144.9,27.6,77.6
150,View_005,17,230.0,137.8,24.8,83.9
150,View_005,2,448.9,169.0,67.7,193.4
150,View_005,27,322.5,166.8,58.5,153.4
151,View_005,20,123.6,141.4,32.3,81.9
151,View_005,4,161.9,144.7,28.3,77.4
151,View_005,17,229.8,138.5,25.3,85.1
151,View_005,2,459.7,169.0,69.7,192.7
151,View_005,27,305.2,165.5,57.9,156.4
152,View_005,20,123.3,141.1,32.3,81.2
152,View_005,4,158.6,144.4,28.1,77.2
152,View_005,17,229.4,139.2,25.5,85.7
152,View_005,2,469.1,171.5,70.9,191.0
152,View_005,27,285.8,165.3,58.6,157.4
153,View_005,20,123.0,141.0,32.4,81.3
153,View_005,4,157.1,144.2,27.9,76.5
153,View_005,17,229.2,138.8,25.8,86.3
153,View_005,2,484.6,171.3,70.4,190.4
153,View_005,27,268.7,166.7,61.6,158.6
154,View_005,20,122.7,141.0,32.6,81.2
154,View_005,4,156.1,144.5,27.7,76.0
154,View_005,17,228.3,138.3,26.2,87.7
154,View_005,2,495.9,170.4,70.6,191.8
154,View_005,27,256.3,166.2,62.7,160.1
155,View_005,20,122.6,140.3,32.6,81.4
155,View_005,4,155.8,144.3,27.1,75.0
155,View_005,17,227.8,137.9,26.3,87.5
155,View_005,2,508.6,170.8,70.7,191.2
155,View_005,27,237.7,164.9,62.3,164.2
156,View_005,20,122.3,140.2,32.3,80.2
156,View_005,4,155.6,143.8,26.8,74.2
156,View_005,17,230.7,137.9,19.6,58.3
156,View_005,2,516.9,171.6,70.4,189.8
156,View_005,27,214.1,166.3,64.5,165.8
156,View_005,32,699.8,195.0,18.5,145.1
157,View_005,20,122.6,140.4,31.6,78.4
157,View_005,4,155.4,143.6,26.4,73.3
157,View_005,17,230.8,137.6,20.5,59.5
157,View_005,2,528.5,171.4,69.0,188.2
157,View_005,27,200.8,166.7,65.8,167.6
157,View_005,32,696.9,186.9,19.7,153.6
158,View_005,20,123.0,140.6,31.7,78.5
158,View_005,4,158.8,144.3,26.4,71.6
158,View_005,17,227.3,137.4,27.1,78.9
158,View_005,2,537.1,171.4,69.0,188.8
158,View_005,27,180.5,164.7,65.2,170.9
158,View_005,32,688.1,183.7,21.1,158.4
159,View_005,20,124.1,140.3,31.8,78.9
159,View_005,4,156.2,144.5,26.1,72.1
159,View_005,17,225.4,136.4,30.2,88.7
159,View_005,2,550.2,171.1,68.5,188.7
159,View_005,27,156.6,166.4,66.5,170.2
159,View_005,32,684.2,183.6,22.5,161.7
160,View_005,20,125.5,140.4,31.4,79.3
160,View_005,17,225.1,137.6,30.8,91.4
160,View_005,2,562.9,170.9,68.5,187.4
160,View_005,27,139.3,167.4,69.3,171.0
160,View_005,32,676.1,182.4,24.9,165.1
161,View_005,17,224.6,138.2,31.0,92.8
161,View_005,2,572.5,171.0,69.6,185.5
161,View_005,27,117.7,165.2,69.3,174.3
161,View_005,32,667.6,182.3,28.4,170.5
161,View_005,4,152.8,144.0,24.6,68.9
162,View_005,17,224.4,138.1,31.1,93.4
162,View_005,2,578.8,171.5,71.3,184.4
162,View_005,27,97.8,165.0,69.2,177.0
162,View_005,32,663.5,181.8,32.1,175.8
162,View_005,4,151.7,146.3,24.0,68.0
162,View_005,20,130.4,140.2,25.9,65.2
163,View_005,17,223.9,137.5,31.8,96.2
163,View_005,2,580.6,172.0,70.5,183.6
163,View_005,27,75.4,168.5,71.6,177.0
163,View_005,32,663.8,183.3,34.9,177.5
163,View_005,4,151.9,147.4,23.2,66.6
163,View_005,20,129.3,140.1,28.9,73.5
164,View_005,17,223.8,137.0,32.1,97.8
164,View_005,2,584.8,172.8,69.9,182.6
164,View_005,27,59.4,168.1,73.4,181.0
164,View_005,32,659.3,182.8,38.6,179.7
164,View_005,4,152.1,148.3,22.5,65.7
164,View_005,20,129.3,140.0,29.7,76.5
165,View_005,17,223.9,137.2,32.3,99.2
165,View_005,2,592.3,172.0,69.9,184.0
165,View_005,27,35.2,167.3,73.4,183.1
165,View_005,32,658.2,182.9,40.8,180.6
165,View_005,4,152.8,148.3,22.1,65.2
165,View_005,20,129.7,139.8,29.8,77.5
166,View_005,17,224.6,137.0,32.4,100.2
166,View_005,2,598.0,172.6,68.7,183.4
166,View_005,27,10.5,169.7,75.5,184.2
166,View_005,32,650.0,184.4,42.8,180.5
166,View_005,4,153.5,147.2,22.1,65.9
166,View_005,20,129.5,139.6,29.9,78.1
167,View_005,17,225.4,136.5,32.5,101.1
167,View_005,2,599.1,173.8,66.8,181.5
167,View_005,27,0.0,167.9,75.0,189.0
167,View_005,32,644.5,184.1,45.1,183.2
167,View_005,4,153.4,146.0,22.5,67.5
167,View_005,20,130.2,139.4,29.5,77.6
168,View_005,17,226.6,136.4,32.7,102.1
168,View_005,2,608.7,173.3,70.8,188.1
168,View_005,32,637.2,177.0,48.1,191.0
168,View_005,4,153.3,145.3,22.7,68.7
168,View_005,20,130.3,139.8,29.2,77.5
169,View_005,17,227.1,136.8,32.8,102.5
169,View_005,2,607.7,171.4,74.0,195.7
169,View_005,32,632.5,172.9,48.9,195.4
169,View_005,4,153.4,144.5,22.8,69.5
169,View_005,20,130.8,140.3,28.6,76.7
169,View_005,34,599.6,172.1,54.5,186.0
170,View_005,17,227.4,137.2,33.0,103.9
170,View_005,2,634.1,170.9,61.7,170.4
170,View_005,4,153.2,145.4,22.2,68.2
170,View_005,20,131.1,140.1,28.3,76.7
170,View_005,34,606.0,178.2,56.0,190.5
171,View_005,17,227.7,136.7,33.2,104.7
171,View_005,2,648.6,171.4,58.0,157.5
171,View_005,4,152.7,146.7,21.4,66.3
171,View_005,20,130.8,139.9,28.2,77.1
171,View_005,34,600.4,187.6,55.5,186.7
172,View_005,17,227.7,135.8,33.5,106.1
172,View_005,2,658.1,173.6,55.7,151.8
172,View_005,4,152.1,146.5,21.3,66.7
172,View_005,20,131.4,139.1,28.1,77.5
172,View_005,34,590.8,188.2,56.2,188.9
172,View_005,32,629.6,174.8,46.0,181.4
173,View_005,17,227.6,136.3,33.7,107.0
173,View_005,2,668.3,173.8,51.7,148.6
173,View_005,4,151.3,144.2,22.0,69.5
173,View_005,20,132.4,138.8,27.8,77.5
173,View_005,34,577.2,187.2,56.3,189.4
173,View_005,32,631.6,177.5,47.7,174.3
174,View_005,17,227.6,137.0,33.9,107.9
174,View_005,2,675.6,174.2,44.4,148.0
174,View_005,4,148.0,142.4,23.3,71.9
174,View_005,20,133.9,138.4,27.8,77.3
174,View_005,34,555.9,187.6,57.5,188.5
174,View_005,32,633.2,179.5,50.6,170.9
175,View_005,17,227.8,136.6,34.1,109.1
175,View_005,2,683.5,177.4,36.5,146.1
175,View_005,20,136.0,138.2,28.2,77.4
175,View_005,34,543.2,188.0,59.8,190.3
175,View_005,32,644.0,179.5,53.6,170.9
176,View_005,17,227.8,136.0,34.3,110.3
176,View_005,20,135.8,137.7,28.6,77.2
176,View_005,34,529.5,187.5,60.4,191.8
176,View_005,32,659.6,178.4,53.4,170.8
176,View_005,4,149.0,142.1,22.9,71.9
177,View_005,17,227.7,136.2,34.7,112.2
177,View_005,20,134.8,138.3,28.7,76.3
177,View_005,34,520.7,188.0,62.1,197.0
177,View_005,32,665.4,180.6,52.8,169.2
178,View_005,17,227.6,137.5,34.7,112.8
178,View_005,20,131.4,139.5,28.4,75.9
178,View_005,34,505.0,191.0,63.8,199.9
178,View_005,32,670.8,194.2,48.6,155.3
178,View_005,4,151.1,144.0,21.6,69.2
179,View_005,17,227.3,137.3,34.9,114.0
179,View_005,20,129.5,139.9,27.8,74.9
179,View_005,34,493.2,191.4,64.8,202.6
179,View_005,32,684.4,206.8,35.6,140.4
179,View_005,4,151.7,144.8,20.8,67.2
180,View_005,17,227.4,136.8,35.0,114.6
180,View_005,20,128.4,140.4,27.7,74.4
180,View_005,34,478.9,189.8,66.1,205.8
180,View_005,4,152.0,144.2,20.6,67.1
181,View_005,17,226.9,136.2,35.6,116.8
181,View_005,20,126.9,140.3,27.9,74.6
181,View_005,34,456.4,190.8,68.7,207.7
181,View_005,4,152.6,143.8,20.6,67.8
182,View_005,17,226.6,136.4,36.0,118.4
182,View_005,20,126.2,139.9,27.7,74.2
182,View_005,34,443.0,193.5,71.3,211.4
182,View_005,4,152.5,143.7,20.5,68.0
183,View_005,17,226.9,136.8,36.3,120.1
183,View_005,20,125.5,139.8,27.8,74.0
183,View_005,34,427.9,192.0,74.2,216.2
183,View_005,4,152.6,142.8,20.6,68.3
184,View_005,17,227.1,136.6,36.5,120.7
184,View_005,20,125.0,140.1,27.6,73.7
184,View_005,34,414.4,192.1,77.1,219.7
184,View_005,4,152.8,142.5,20.7,68.0
185,View_005,17,227.0,136.8,36.6,120.8
185,View_005,20,124.6,140.2,27.2,72.9
185,View_005,34,393.9,193.7,80.3,224.7
185,View_005,4,152.8,143.5,20.5,66.9
186,View_005,17,226.6,137.2,37.0,122.5
186,View_005,20,124.1,139.8,26.9,72.8
186,View_005,34,371.8,195.9,81.0,226.7
186,View_005,4,152.2,142.6,21.1,67.8
187,View_005,17,226.3,139.1,36.8,121.7
187,View_005,20,123.8,139.8,26.6,72.6
187,View_005,34,349.0,194.9,80.7,230.1
187,View_005,4,152.4,142.8,21.3,67.5
188,View_005,17,225.0,138.5,37.1,123.0
188,View_005,20,124.2,139.6,26.1,72.8
188,View_005,34,315.5,195.9,83.9,228.7
188,View_005,4,152.8,142.2,21.8,68.9
189,View_005,17,224.3,137.6,37.7,124.7
189,View_005,20,124.6,140.1,25.5,72.4
189,View_005,34,295.5,197.1,88.0,229.6
189,View_005,4,153.0,142.9,21.7,68.3
190,View_005,17,223.1,137.4,38.6,127.2
190,View_005,20,123.3,139.8,25.7,73.5
190,View_005,34,270.8,195.3,88.2,231.9
190,View_005,4,153.1,143.1,21.8,68.4
191,View_005,17,222.3,139.4,38.5,126.0
191,View_005,20,122.4,140.2,25.1,72.6
191,View_005,34,234.7,195.0,90.9,238.7
191,View_005,4,153.0,143.3,21.9,68.2
192,View_005,17,225.6,139.5,31.2,96.3
192,View_005,20,122.2,140.1,25.1,73.1
192,View_005,34,206.1,199.3,93.9,236.6
192,View_005,4,152.8,143.0,22.2,68.6
193,View_005,17,223.4,138.1,34.9,107.1
193,View_005,20,122.0,140.3,25.0,73.3
193,View_005,34,179.6,196.8,95.1,241.4
193,View_005,4,153.0,143.8,22.1,67.9
194,View_005,17,220.4,137.8,40.1,124.2
194,View_005,20,121.7,140.3,25.0,73.4
194,View_005,34,151.7,194.4,93.6,244.3
194,View_005,4,153.4,143.7,21.8,66.6
195,View_005,17,218.5,139.6,42.3,131.6
195,View_005,20,121.3,140.0,24.6,72.3
195,View_005,34,115.7,194.0,97.6,244.7
195,View_005,4,154.3,143.8,21.6,65.8
196,View_005,17,215.3,141.3,43.5,135.3
196,View_005,20,121.7,140.9,23.7,70.0
196,View_005,34,93.1,193.1,101.9,247.8
196,View_005,4,154.0,143.7,22.2,67.7
197,View_005,17,212.9,141.1,44.4,137.1
197,View_005,20,121.3,140.7,24.2,71.5
197,View_005,34,61.1,190.3,101.4,252.0
197,View_005,4,154.3,143.6,22.3,67.8
198,View_005,17,212.1,140.0,45.6,139.7
198,View_005,20,121.1,141.0,24.2,71.3
198,View_005,34,32.6,188.2,103.0,259.1
198,View_005,4,153.9,143.0,22.8,69.3
199,View_005,17,210.4,140.1,46.9,143.4
199,View_005,20,121.7,140.9,24.7,72.7
199,View_005,34,8.9,189.9,103.0,253.7
199,View_005,4,153.6,143.5,22.6,69.2
200,View_005,17,209.1,141.4,47.6,145.8
200,View_005,20,122.1,141.2,25.0,73.7
200,View_005,34,0.0,189.2,88.6,247.1
200,View_005,4,153.7,146.0,21.9,67.1
201,View_005,17,208.4,142.4,47.9,146.9
201,View_005,20,122.6,140.7,25.6,75.1
201,View_005,4,152.6,144.2,22.5,68.9
202,View_005,17,207.7,142.1,47.8,147.5
202,View_005,20,123.1,139.8,25.8,75.6
202,View_005,4,151.3,142.7,23.2,70.6
203,View_005,17,206.4,141.6,48.2,150.4
203,View_005,20,122.8,139.8,26.4,76.8
203,View_005,4,151.4,142.4,23.8,71.6
204,View_005,17,205.0,143.7,47.8,150.9
204,View_005,20,123.1,140.1,26.3,76.4
204,View_005,4,152.3,142.2,24.4,71.7
205,View_005,17,202.7,144.9,47.7,151.7
205,View_005,20,124.1,140.7,26.2,75.9
205,View_005,4,152.9,143.2,24.8,71.2
206,View_005,17,200.7,144.2,48.2,153.1
206,View_005,20,124.2,140.7,26.1,76.2
206,View_005,4,153.7,144.1,24.9,70.8
207,View_005,17,199.3,142.5,50.0,156.7
207,View_005,20,124.6,140.6,26.1,76.3
207,View_005,4,155.2,143.3,25.4,72.1
208,View_005,17,197.7,142.8,51.4,159.0
208,View_005,20,124.5,140.5,26.3,76.4
208,View_005,4,156.6,142.1,25.7,73.3
209,View_005,17,194.9,144.3,52.5,162.0
209,View_005,20,124.8,140.6,26.6,76.7
209,View_005,4,158.9,143.2,25.3,72.4
210,View_005,17,193.1,144.5,52.8,163.6
210,View_005,20,125.3,140.9,26.8,76.2
210,View_005,4,160.6,144.2,25.0,71.8
211,View_005,17,189.5,140.8,53.1,167.3
211,View_005,20,126.4,141.5,27.2,76.0
211,View_005,4,162.4,145.9,24.7,70.9
212,View_005,17,186.4,140.9,53.1,170.1
212,View_005,20,128.5,142.1,27.6,76.9
212,View_005,4,163.2,145.6,25.1,73.1
213,View_005,17,181.8,143.0,52.9,170.1
213,View_005,20,129.9,141.7,27.8,77.5
213,View_005,4,164.0,144.9,25.0,73.5
214,View_005,17,177.0,143.9,54.0,172.8
214,View_005,20,132.5,140.5,28.3,79.0
214,View_005,4,164.3,145.1,23.7,70.1
215,View_005,17,170.8,142.9,55.1,174.9
215,View_005,20,134.9,140.5,28.4,78.9
216,View_005,17,163.8,142.6,56.6,177.6
216,View_005,20,137.1,140.6,28.2,78.0
217,View_005,17,157.0,142.2,58.2,181.1
217,View_005,20,139.0,141.3,28.0,78.1
218,View_005,17,148.7,144.6,59.0,184.3
219,View_005,17,142.7,143.8,59.0,187.4
220,View_005,17,133.4,143.7,58.3,187.8
220,View_005,4,175.1,142.1,26.4,78.6
221,View_005,17,124.6,144.0,59.8,190.8
221,View_005,4,175.7,141.5,26.9,79.6
222,View_005,17,111.6,146.2,63.0,192.0
222,View_005,4,178.3,142.9,26.2,78.7
222,View_005,20,150.3,142.9,28.5,79.2
223,View_005,17,105.3,148.0,65.5,193.1
223,View_005,4,180.4,143.9,25.8,78.1
223,View_005,20,152.3,143.0,28.8,80.0
224,View_005,17,85.9,145.9,67.0,197.5
224,View_005,4,183.1,144.4,25.6,77.7
224,View_005,20,154.1,142.4,29.5,81.9
225,View_005,17,68.2,145.0,68.4,201.7
225,View_005,4,185.3,144.3,25.5,78.1
225,View_005,20,156.0,141.8,29.7,82.5
226,View_005,17,47.9,146.7,71.7,203.3
226,View_005,4,187.3,143.1,26.2,80.1
226,View_005,20,157.7,141.8,29.9,83.1
227,View_005,17,35.3,146.3,75.3,207.5
227,View_005,4,189.4,143.3,26.7,80.4
227,View_005,20,159.8,142.5,29.5,82.3
228,View_005,17,18.2,145.7,76.2,209.9
228,View_005,4,190.4,143.9,27.0,80.5
228,View_005,20,161.6,143.5,29.2,81.0
229,View_005,17,0.0,143.1,73.1,213.1
229,View_005,4,191.8,143.4,27.4,81.5
229,View_005,20,163.3,143.9,28.8,80.8
230,View_005,17,0.0,140.6,64.8,216.3
230,View_005,4,194.4,143.1,27.7,82.0
230,View_005,20,164.6,143.8,28.7,81.4
230,View_005,42,194.8,164.2,27.6,61.5
230,View_005,43,689.7,179.1,30.3,116.5
231,View_005,17,0.0,165.0,57.5,192.3
231,View_005,4,198.2,143.1,27.4,81.6
231,View_005,20,166.2,143.4,29.1,82.7
231,View_005,43,684.6,175.4,31.6,119.8
232,View_005,4,199.7,143.5,27.4,81.9
232,View_005,20,168.0,143.0,29.3,83.4
232,View_005,43,669.2,174.3,32.6,120.5
233,View_005,4,201.4,143.9,27.1,82.1
233,View_005,20,170.8,143.9,29.6,83.8
233,View_005,43,658.6,173.8,34.2,121.6
234,View_005,4,203.3,144.2,26.8,82.1
234,View_005,20,172.9,142.7,29.9,84.5
234,View_005,43,648.6,173.7,34.8,121.5
235,View_005,4,204.5,142.5,27.3,84.4
235,View_005,20,175.0,142.5,30.1,85.4
235,View_005,43,638.5,172.1,35.7,124.0
236,View_005,4,206.4,142.8,27.2,84.4
236,View_005,20,177.8,143.8,29.6,84.2
236,View_005,43,622.4,171.8,36.7,123.4
237,View_005,4,208.9,142.8,27.0,84.4
237,View_005,20,180.6,143.5,29.2,84.0
237,View_005,43,611.0,172.9,37.8,122.4
238,View_005,4,212.5,143.5,27.6,84.4
238,View_005,20,182.2,143.1,29.0,84.4
238,View_005,43,601.4,172.6,37.9,122.3
239,View_005,4,216.7,145.8,28.2,83.0
239,View_005,20,182.7,143.3,29.3,85.3
239,View_005,43,585.8,171.7,39.3,124.1
240,View_005,4,219.3,145.4,29.1,84.1
240,View_005,20,183.7,144.2,29.3,85.6
240,View_005,43,570.2,172.7,41.0,123.5
241,View_005,4,222.0,144.7,29.9,85.5
241,View_005,20,185.3,143.4,29.4,87.5
241,View_005,43,560.8,174.1,42.3,121.7
242,View_005,4,225.7,143.5,30.2,86.7
242,View_005,20,187.2,143.0,29.6,88.3
242,View_005,43,552.0,172.3,42.7,123.3
243,View_005,4,228.0,142.9,30.1,87.0
243,View_005,20,188.7,142.6,30.3,90.0
243,View_005,43,540.5,171.2,43.0,124.7
244,View_005,4,229.5,142.3,30.3,87.5
244,View_005,20,190.9,142.9,30.3,89.0
244,View_005,43,527.6,171.7,43.7,124.1
245,View_005,4,230.4,142.5,30.3,87.7
245,View_005,20,193.2,143.0,30.7,88.8
245,View_005,43,520.6,171.7,44.4,124.5
246,View_005,4,231.5,143.3,29.9,87.1
246,View_005,20,196.0,143.6,31.2,88.9
246,View_005,43,511.5,169.9,44.4,127.2
247,View_005,4,231.8,143.8,29.8,87.7
247,View_005,20,197.6,144.6,31.3,89.0
247,View_005,43,498.8,169.5,45.0,127.8
248,View_005,4,232.7,144.3,29.9,89.3
248,View_005,20,199.4,143.8,31.8,90.4
248,View_005,43,482.7,171.6,46.3,125.8
249,View_005,4,233.3,144.4,29.7,89.9
249,View_005,20,201.6,142.8,32.2,91.7
249,View_005,43,474.4,171.3,48.0,126.3
250,View_005,4,233.9,144.4,29.7,90.3
250,View_005,20,205.4,144.2,31.6,91.0
250,View_005,43,462.8,169.5,48.2,128.3
251,View_005,4,235.8,144.8,29.7,89.5
251,View_005,20,207.5,144.3,31.1,90.1
251,View_005,43,454.1,168.8,47.9,129.8
252,View_005,4,236.1,146.2,29.1,88.0
252,View_005,20,208.5,143.9,31.2,90.6
252,View_005,43,440.8,170.5,48.3,128.7
252,View_005,47,637.3,187.9,80.7,222.4
253,View_005,4,237.5,145.6,29.5,90.0
253,View_005,20,209.3,144.4,31.3,90.8
253,View_005,43,432.9,171.2,48.3,128.5
253,View_005,47,633.3,185.0,82.0,225.9
254,View_005,4,239.6,145.5,30.0,90.9
254,View_005,20,210.7,146.6,30.5,88.9
254,View_005,43,422.0,170.4,47.9,130.4
254,View_005,47,613.4,182.0,83.3,230.1
255,View_005,4,241.8,145.6,30.0,90.6
255,View_005,20,211.2,145.6,31.1,91.2
255,View_005,43,406.3,169.7,48.8,130.8
255,View_005,47,589.5,187.0,82.8,225.7
256,View_005,4,243.5,144.9,30.3,92.7
256,View_005,20,212.5,145.0,31.7,92.6
256,View_005,43,392.7,171.2,50.5,130.0
256,View_005,47,571.5,187.5,83.7,226.5
257,View_005,4,244.9,145.2,30.1,92.7
257,View_005,20,213.9,146.7,31.3,91.5
257,View_005,43,383.5,171.3,51.8,130.6
257,View_005,47,551.5,185.7,83.9,229.0
258,View_005,4,246.5,145.4,30.2,93.8
258,View_005,20,214.9,147.2,31.3,91.1
258,View_005,43,371.8,168.8,51.5,133.8
258,View_005,47,521.1,184.9,84.8,230.4
259,View_005,4,248.1,145.2,30.1,94.4
259,View_005,20,216.7,147.8,31.0,91.1
259,View_005,43,358.1,168.2,51.8,135.0
259,View_005,47,495.9,186.6,86.4,228.6
260,View_005,4,249.4,145.7,30.1,94.6
260,View_005,20,218.4,146.7,31.5,92.9
260,View_005,43,345.5,170.7,52.0,132.9
260,View_005,47,478.7,186.4,88.0,229.2
261,View_005,4,251.5,146.6,29.8,93.7
261,View_005,20,219.5,145.3,32.4,95.5
261,View_005,43,336.4,170.5,52.3,133.3
261,View_005,47,456.6,182.2,89.0,233.9
262,View_005,4,254.0,146.5,30.6,94.9
262,View_005,20,220.5,144.3,33.4,97.8
262,View_005,43,325.0,167.6,52.2,136.9
262,View_005,47,439.3,181.2,90.0,236.4
263,View_005,4,257.4,147.7,31.0,93.9
263,View_005,20,221.4,145.0,33.5,98.0
263,View_005,43,306.0,167.8,53.0,136.9
263,View_005,47,410.8,184.6,91.0,234.0
264,View_005,4,258.0,148.2,31.7,94.4
264,View_005,20,222.8,145.8,33.1,97.1
264,View_005,43,293.3,168.7,55.0,136.7
264,View_005,47,393.3,183.1,92.2,236.3
265,View_005,4,260.2,147.9,31.7,94.1
265,View_005,20,224.4,146.5,32.7,96.5
265,View_005,43,282.2,167.0,56.3,138.9
265,View_005,47,369.1,181.8,90.3,238.4
266,View_005,4,261.8,147.6,31.7,94.5
266,View_005,20,225.0,146.5,32.8,97.6
266,View_005,43,271.4,166.9,54.7,139.5
266,View_005,47,338.7,181.9,91.3,238.8
267,View_005,20,227.0,146.1,33.1,99.6
267,View_005,43,253.6,166.3,55.5,141.7
267,View_005,47,316.9,183.9,93.8,236.6
268,View_005,20,228.2,145.5,33.1,100.3
268,View_005,43,239.7,153.3,61.5,155.9
268,View_005,47,300.6,184.4,94.3,235.3
269,View_005,43,230.4,160.0,58.1,149.7
269,View_005,47,276.9,179.5,93.1,239.5
269,View_005,4,274.2,148.5,31.3,94.3
270,View_005,43,217.2,149.2,60.4,161.5
270,View_005,47,249.4,179.4,93.2,237.7
270,View_005,4,280.9,148.3,25.9,74.8
271,View_005,43,198.2,159.7,58.6,151.2
271,View_005,47,227.5,179.5,95.2,236.2
271,View_005,4,281.1,149.2,29.9,88.0
272,View_005,43,182.6,164.7,57.8,147.1
272,View_005,47,212.1,176.0,96.3,237.8
272,View_005,4,282.9,149.0,31.6,94.2
273,View_005,43,169.6,166.0,56.1,146.8
273,View_005,47,182.3,172.8,96.2,240.3
273,View_005,4,287.2,148.9,32.2,96.7
273,View_005,20,245.8,145.2,33.2,100.2
274,View_005,43,154.8,166.5,56.1,147.7
274,View_005,47,156.5,173.9,96.5,239.1
274,View_005,4,290.0,148.5,32.3,97.5
274,View_005,20,247.9,146.0,33.9,101.9
275,View_005,47,140.2,175.7,97.6,236.8
275,View_005,4,294.1,149.0,33.3,99.2
275,View_005,20,251.6,146.5,33.8,102.5
276,View_005,47,126.4,170.4,98.9,239.8
276,View_005,4,296.7,150.4,33.4,99.1
276,View_005,20,256.0,147.4,33.9,102.6
277,View_005,47,112.1,167.2,95.1,237.0
277,View_005,4,298.6,150.4,33.6,99.6
277,View_005,20,258.5,149.3,33.9,101.9
278,View_005,47,90.2,163.6,94.7,239.0
278,View_005,4,301.7,149.9,33.9,100.6
278,View_005,20,261.3,148.6,34.2,103.3
279,View_005,47,73.7,166.5,94.2,234.0
279,View_005,4,305.7,149.3,33.8,101.0
279,View_005,20,266.2,148.2,34.0,103.7
280,View_005,47,63.8,168.1,93.9,231.2
280,View_005,4,310.5,149.6,32.9,99.7
280,View_005,20,271.3,148.2,33.8,104.2
281,View_005,47,51.0,166.1,92.9,232.0
281,View_005,4,314.1,150.4,32.2,98.8
281,View_005,20,275.8,149.3,33.7,103.2
281,View_005,52,667.2,194.5,50.9,199.4
282,View_005,47,22.9,162.8,95.2,235.4
282,View_005,4,316.0,151.0,32.7,100.6
282,View_005,20,280.1,149.9,34.3,102.9
282,View_005,52,665.8,190.3,52.3,204.6
283,View_005,47,6.3,162.6,96.1,235.5
283,View_005,4,319.8,151.5,32.9,102.1
283,View_005,20,282.9,150.0,35.0,103.8
283,View_005,52,664.9,186.4,53.8,210.4
284,View_005,47,0.0,160.5,94.9,237.4
284,View_005,4,324.9,151.2,32.7,102.3
284,View_005,20,286.0,149.4,36.0,106.1
284,View_005,52,658.7,183.2,56.5,219.3
285,View_005,47,0.0,160.7,85.5,235.6
285,View_005,4,328.2,151.9,32.7,102.6
285,View_005,20,289.5,149.6,35.8,106.2
285,View_005,52,648.6,184.2,57.7,219.7
286,View_005,47,0.0,158.1,75.4,234.1
286,View_005,4,334.4,152.5,33.6,103.1
286,View_005,20,294.4,150.3,35.7,106.3
286,View_005,52,637.9,186.2,59.1,220.7
287,View_005,47,0.0,158.4,68.0,230.7
287,View_005,4,338.3,153.2,34.4,103.5
287,View_005,20,300.0,151.4,35.6,106.2
287,View_005,52,632.0,185.4,61.0,223.4
288,View_005,47,0.0,147.6,64.5,240.8
288,View_005,4,339.7,153.0,35.2,105.8
288,View_005,20,304.8,152.4,35.7,106.4
288,View_005,52,617.6,182.7,62.2,225.8
289,View_005,47,0.0,142.1,60.8,244.2
289,View_005,4,342.2,152.5,35.6,106.6
289,View_005,20,308.8,151.4,36.0,108.1
289,View_005,52,600.9,182.6,63.8,226.5
290,View_005,47,0.0,167.2,51.4,213.5
290,View_005,4,347.5,152.3,35.3,106.7
290,View_005,20,314.1,150.4,36.5,110.8
290,View_005,52,580.0,185.6,65.9,223.6
291,View_005,47,0.0,177.0,48.9,196.8
291,View_005,4,352.2,152.1,34.8,107.0
291,View_005,20,318.6,149.5,36.9,112.7
291,View_005,52,569.4,186.8,68.4,222.6
292,View_005,47,0.0,182.9,44.5,177.9
292,View_005,4,356.3,152.6,34.3,107.5
292,View_005,20,324.2,150.2,36.7,112.3
292,View_005,52,559.1,184.9,70.0,224.1
293,View_005,4,360.3,153.8,34.6,107.5
293,View_005,20,329.2,151.7,37.3,112.4
293,View_005,52,546.7,183.2,70.8,227.0
294,View_005,4,362.8,154.7,35.0,107.7
294,View_005,20,331.7,152.7,37.5,112.5
294,View_005,52,533.0,183.2,71.9,231.2
294,View_005,53,1.9,182.0,37.7,102.2
295,View_005,4,368.0,154.1,34.3,107.6
295,View_005,20,335.4,152.5,37.8,113.7
295,View_005,52,513.0,185.6,73.0,229.3
296,View_005,4,373.5,153.7,34.2,108.1
296,View_005,20,340.6,152.9,37.2,113.5
296,View_005,52,501.4,187.2,75.3,230.0
297,View_005,4,381.5,154.7,35.6,108.9
297,View_005,20,346.4,154.9,36.8,112.9
297,View_005,52,491.7,186.7,76.1,231.1
298,View_005,4,386.8,156.1,37.0,109.1
298,View_005,20,351.7,156.5,37.0,112.2
298,View_005,52,479.0,186.0,75.2,232.2
299,View_005,4,392.6,156.3,37.0,109.1
299,View_005,20,357.3,157.0,38.5,114.2
299,View_005,52,459.1,185.2,75.5,232.8
300,View_005,4,395.9,156.0,37.3,109.6
300,View_005,20,362.1,156.7,38.8,115.6
300,View_005,52,437.1,186.9,77.8,230.8
300,View_005,55,0.0,175.0,17.4,161.3
301,View_005,4,402.7,153.5,37.3,112.7
301,View_005,20,371.6,156.5,38.4,116.3
301,View_005,52,424.8,189.0,81.0,229.7
301,View_005,55,0.9,174.4,17.5,158.3
302,View_005,4,407.9,154.7,36.8,113.0
302,View_005,20,378.7,156.0,38.7,117.9
302,View_005,52,414.7,188.8,82.9,230.5
302,View_005,55,2.7,165.8,18.5,165.1
303,View_005,20,382.3,154.7,39.2,119.7
303,View_005,52,397.4,184.0,83.2,237.2
303,View_005,55,5.4,150.6,20.5,179.1
304,View_005,52,381.0,186.2,83.2,240.1
304,View_005,55,8.1,142.7,22.2,186.8
304,View_005,4,424.5,158.8,25.1,74.0
305,View_005,52,359.8,186.9,84.8,241.3
305,View_005,55,10.5,139.5,23.6,188.7
305,View_005,4,428.7,157.1,28.8,85.7
306,View_005,52,347.4,185.6,88.1,245.7
306,View_005,55,12.1,146.8,24.0,178.9
306,View_005,4,427.4,156.1,35.9,107.8
307,View_005,52,338.2,185.4,88.7,247.0
307,View_005,55,14.2,147.3,25.1,171.8
307,View_005,4,431.5,157.1,39.6,115.0
308,View_005,52,323.5,183.6,88.1,250.0
308,View_005,55,18.0,147.7,27.7,169.6
308,View_005,4,430.8,157.2,41.3,118.5
309,View_005,52,302.7,181.9,87.5,251.6
309,View_005,55,27.3,150.4,30.3,164.9
309,View_005,4,432.1,159.8,42.2,119.2
310,View_005,52,279.5,181.8,89.4,250.5
310,View_005,55,35.7,151.3,32.9,162.1
310,View_005,4,434.6,159.5,43.5,121.2
310,View_005,57,459.0,160.6,39.9,116.4
311,View_005,52,266.8,183.5,92.1,249.9
311,View_005,55,45.6,151.0,34.0,156.4
311,View_005,4,443.5,158.8,43.6,122.9
311,View_005,57,460.2,159.2,40.8,119.3
311,View_005,53,0.0,183.9,55.2,193.2
312,View_005,52,256.1,182.2,93.8,251.6
312,View_005,55,54.2,149.0,35.5,157.4
312,View_005,57,460.4,157.6,42.1,123.1
312,View_005,53,0.0,185.8,57.5,191.5
313,View_005,52,241.8,180.8,92.4,255.0
313,View_005,55,61.5,151.5,36.4,153.6
313,View_005,57,468.3,158.7,43.1,123.8
313,View_005,53,0.0,159.1,62.2,218.1
314,View_005,52,228.0,180.0,92.1,259.2
314,View_005,55,67.3,153.0,37.1,150.1
314,View_005,57,472.1,159.3,44.4,124.7
314,View_005,53,0.0,149.5,62.9,227.4
315,View_005,52,212.7,180.5,91.7,258.3
315,View_005,55,77.0,151.3,36.4,146.9
315,View_005,57,478.2,161.3,44.6,123.7
315,View_005,53,3.5,143.6,73.7,232.7
316,View_005,52,205.3,180.8,91.2,258.3
316,View_005,55,85.8,153.3,35.9,143.5
316,View_005,57,487.3,160.3,45.2,125.6
316,View_005,53,20.5,144.0,77.7,230.9
317,View_005,52,191.9,179.9,92.7,259.1
317,View_005,55,98.1,153.3,35.8,138.8
317,View_005,57,497.6,160.7,45.4,126.6
317,View_005,53,31.7,144.5,81.2,229.2
318,View_005,52,181.9,179.2,95.1,260.4
318,View_005,55,109.8,155.5,34.6,133.7
318,View_005,57,505.9,161.7,45.8,125.4
318,View_005,53,45.7,144.7,80.8,226.9
319,View_005,52,182.1,179.0,97.0,260.8
319,View_005,57,510.8,161.7,48.1,127.6
319,View_005,53,73.0,143.6,78.5,225.6
320,View_005,52,191.5,179.6,97.1,260.4
320,View_005,57,515.6,161.6,49.8,128.6
320,View_005,53,92.0,143.8,78.6,223.2
321,View_005,52,200.6,179.5,96.7,260.4
321,View_005,57,525.8,161.4,50.6,129.1
321,View_005,53,105.3,147.5,79.5,217.1
322,View_005,52,211.3,179.7,95.3,259.1
322,View_005,57,537.4,161.4,50.5,129.2
322,View_005,53,112.9,148.4,80.5,214.5
323,View_005,52,229.3,180.6,92.6,257.2
323,View_005,57,546.9,163.1,51.4,128.0
323,View_005,53,130.2,147.1,78.0,211.3
323,View_005,55,140.6,150.8,34.5,132.8
324,View_005,52,241.3,181.3,90.5,256.3
324,View_005,57,550.9,164.5,52.9,127.5
324,View_005,53,148.6,145.9,76.9,211.8
324,View_005,55,147.6,150.0,34.0,132.0
325,View_005,52,253.1,181.0,89.4,255.7
325,View_005,57,556.5,164.3,55.1,129.8
325,View_005,53,169.4,147.1,77.8,210.3
325,View_005,55,156.8,150.2,34.1,132.3
326,View_005,52,260.1,183.6,87.3,250.9
326,View_005,57,564.7,163.9,55.8,130.3
326,View_005,53,179.9,148.8,78.4,207.1
326,View_005,55,164.4,150.9,35.7,131.8
327,View_005,52,270.0,182.2,86.5,250.1
327,View_005,57,579.8,164.1,55.4,130.6
327,View_005,53,194.5,148.2,76.1,204.0
327,View_005,55,171.8,149.8,37.7,131.6
328,View_005,52,286.3,180.6,82.8,243.7
328,View_005,57,590.7,165.8,55.4,128.6
328,View_005,53,213.5,146.9,73.0,202.1
328,View_005,55,178.4,151.3,37.3,128.5
329,View_005,52,304.2,181.1,81.2,240.0
329,View_005,57,595.9,166.3,56.3,127.9
329,View_005,53,231.1,147.0,73.0,202.3
329,View_005,55,189.5,151.0,36.7,127.7
330,View_005,52,321.7,181.5,83.2,236.3
330,View_005,57,597.9,165.5,58.7,130.7
330,View_005,53,243.2,148.8,73.8,198.8
330,View_005,55,200.6,151.6,38.3,127.3
331,View_005,52,331.5,181.8,86.1,235.5
331,View_005,57,602.5,165.8,60.0,132.0
331,View_005,53,249.4,150.2,74.3,196.3
331,View_005,55,207.7,152.6,40.3,126.7
331,View_005,62,3.9,176.1,56.9,203.1
332,View_005,52,344.4,183.8,85.4,231.9
332,View_005,57,610.5,165.7,60.1,132.1
332,View_005,53,260.6,149.1,72.8,193.9
332,View_005,55,213.2,152.6,41.0,126.8
332,View_005,62,4.3,176.5,56.9,202.2
333,View_005,52,372.1,183.4,83.1,231.9
333,View_005,57,627.4,166.4,59.2,131.6
333,View_005,53,279.1,147.3,71.7,194.8
333,View_005,55,225.5,152.0,42.6,128.6
333,View_005,62,20.1,175.1,56.1,199.3
334,View_005,52,391.3,185.0,82.6,230.1
334,View_005,57,636.3,167.8,58.7,130.4
334,View_005,53,294.8,148.5,70.9,192.9
334,View_005,55,234.6,152.7,44.3,130.4
334,View_005,62,43.1,174.5,56.8,197.5
335,View_005,52,405.8,185.8,84.6,229.3
335,View_005,57,643.3,168.8,59.9,130.9
335,View_005,53,305.7,150.1,71.5,190.6
335,View_005,55,242.0,154.6,45.6,131.7
335,View_005,62,58.5,177.4,57.6,192.1
336,View_005,52,417.0,185.1,85.1,228.7
336,View_005,57,648.5,169.3,61.6,133.2
336,View_005,53,315.0,150.3,70.6,189.3
336,View_005,55,248.3,153.8,46.4,133.8
336,View_005,62,67.8,176.8,59.0,190.4
337,View_005,52,441.2,182.9,82.2,225.4
337,View_005,57,658.5,168.8,61.2,134.5
337,View_005,53,335.5,149.3,67.1,185.9
337,View_005,55,254.2,153.4,46.4,134.9
337,View_005,62,87.0,174.5,58.6,188.7
338,View_005,52,460.8,182.2,81.4,226.9
338,View_005,57,667.5,167.3,52.5,136.1
338,View_005,53,348.7,148.6,66.3,187.2
338,View_005,55,263.0,153.7,47.4,136.6
338,View_005,62,103.4,173.5,59.1,189.2
339,View_005,52,481.9,184.1,83.0,222.3
339,View_005,57,672.6,168.0,47.4,135.4
339,View_005,53,363.1,150.5,67.2,183.8
339,View_005,55,269.3,156.2,47.5,137.3
339,View_005,62,116.8,173.9,60.0,188.6
340,View_005,52,490.7,185.0,84.9,219.8
340,View_005,57,675.5,169.5,44.5,133.8
340,View_005,53,368.0,151.8,68.2,181.7
340,View_005,55,273.5,154.4,48.8,140.4
340,View_005,62,124.5,175.0,60.4,187.0
341,View_005,52,509.1,184.4,84.8,220.3
341,View_005,57,678.4,169.4,41.6,133.8
341,View_005,53,378.7,151.5,67.5,180.6
341,View_005,55,278.7,153.3,50.7,142.5
341,View_005,62,142.1,174.8,58.1,181.1
342,View_005,52,534.7,182.8,84.1,222.6
342,View_005,53,394.7,150.1,66.1,180.0
342,View_005,55,279.4,153.5,52.4,145.1
342,View_005,62,158.4,174.0,58.0,179.1
343,View_005,52,553.0,184.2,84.4,220.5
343,View_005,53,408.7,150.8,65.1,179.5
343,View_005,55,280.3,155.1,53.5,148.2
343,View_005,62,175.0,176.1,58.6,175.3
344,View_005,52,564.8,186.2,85.4,218.1
344,View_005,53,419.1,152.4,65.5,177.6
344,View_005,55,281.5,155.0,53.7,150.2
344,View_005,62,183.2,176.0,59.2,172.8
345,View_005,52,574.2,185.3,86.5,218.8
345,View_005,53,425.7,153.2,66.1,176.8
345,View_005,55,282.1,153.8,53.7,152.2
345,View_005,62,193.2,173.7,58.9,171.1
346,View_005,52,595.8,183.5,84.4,217.8
346,View_005,53,438.7,152.8,64.0,174.6
346,View_005,55,282.3,154.0,54.5,155.4
346,View_005,62,207.8,173.0,58.8,169.4
347,View_005,52,615.7,182.8,83.1,218.6
347,View_005,53,452.9,152.1,61.8,174.0
347,View_005,55,282.0,154.9,55.2,157.1
347,View_005,62,218.5,173.6,58.7,167.9
348,View_005,52,631.0,185.6,83.2,215.7
348,View_005,53,465.6,152.3,62.3,173.9
348,View_005,55,280.5,154.3,56.3,160.5
348,View_005,62,225.3,172.6,58.4,167.8
349,View_005,52,638.6,187.6,81.4,213.6
349,View_005,53,473.9,154.9,62.6,170.5
349,View_005,55,278.9,154.1,55.9,162.0
349,View_005,62,233.6,170.9,56.4,164.5
350,View_005,52,652.4,187.9,67.6,213.1
350,View_005,53,478.2,158.0,62.4,167.3
350,View_005,55,277.8,153.1,54.7,163.1
350,View_005,62,246.7,168.9,56.3,164.3
351,View_005,53,487.4,156.4,62.5,167.2
351,View_005,55,275.8,155.4,53.0,162.3
351,View_005,62,258.7,169.1,57.6,163.2
352,View_005,53,501.7,152.6,62.6,169.6
352,View_005,62,265.2,168.3,58.3,161.7
353,View_005,53,512.9,153.5,61.5,167.8
353,View_005,62,276.5,169.2,57.4,158.9
353,View_005,66,256.3,155.4,34.1,167.7
354,View_005,53,520.9,156.7,60.9,164.5
354,View_005,62,291.0,170.8,56.8,156.6
354,View_005,66,253.8,157.3,33.9,164.6
355,View_005,53,528.7,156.6,60.4,164.2
355,View_005,62,301.8,171.3,56.6,154.6
355,View_005,66,251.4,158.8,34.8,165.4
356,View_005,53,544.1,153.3,58.9,165.3
356,View_005,62,309.8,171.4,56.4,154.0
356,View_005,66,242.6,163.4,35.1,161.9
357,View_005,53,554.2,152.2,58.0,165.6
357,View_005,62,317.4,169.7,55.4,152.3
357,View_005,66,233.5,166.9,36.2,160.5
358,View_005,53,564.9,154.8,58.1,162.0
358,View_005,62,325.3,169.0,54.9,151.7
358,View_005,66,223.8,167.0,38.4,163.1
359,View_005,53,568.6,157.9,57.7,158.1
359,View_005,62,332.3,169.5,54.6,150.4
359,View_005,66,218.6,169.3,40.7,164.0
360,View_005,53,575.7,156.7,58.3,158.6
360,View_005,62,337.4,169.0,53.8,147.8
360,View_005,66,211.5,168.4,42.5,166.1
361,View_005,53,586.1,155.4,58.2,159.4
361,View_005,62,342.8,169.2,53.4,144.7
361,View_005,66,202.5,166.1,43.7,169.2
362,View_005,53,597.9,153.7,58.9,161.0
362,View_005,62,347.4,169.7,53.2,142.6
362,View_005,66,193.2,164.8,43.7,170.2
363,View_005,53,605.5,155.4,58.5,158.9
363,View_005,62,349.5,171.4,52.3,138.8
363,View_005,66,185.0,163.5,45.2,172.1
364,View_005,53,610.9,157.1,57.8,156.7
364,View_005,62,346.9,170.8,51.8,138.6
364,View_005,66,178.2,166.9,45.6,168.9
365,View_005,53,619.1,156.6,56.8,155.9
365,View_005,62,344.9,169.1,50.6,136.5
365,View_005,66,167.4,167.0,46.1,171.9
366,View_005,53,632.4,155.0,55.7,156.5
366,View_005,62,340.5,167.4,50.5,136.2
366,View_005,66,156.2,166.3,47.0,175.0
367,View_005,53,639.4,155.5,54.6,155.2
367,View_005,62,338.2,167.8,49.8,135.2
367,View_005,66,149.4,166.3,48.7,179.9
368,View_005,53,647.2,158.3,54.5,151.7
368,View_005,62,337.5,167.4,48.7,134.4
368,View_005,66,142.9,162.9,51.6,185.8
369,View_005,53,650.4,159.1,55.1,150.9
369,View_005,62,337.5,165.6,47.5,133.8
369,View_005,66,138.5,162.4,53.5,187.1
370,View_005,53,658.2,157.5,55.8,150.9
370,View_005,62,336.9,165.2,45.5,130.4
370,View_005,66,131.2,164.4,53.7,184.7
371,View_005,53,666.3,156.5,53.7,150.2
371,View_005,62,334.3,166.3,44.3,127.1
371,View_005,66,125.0,165.6,55.3,187.3
372,View_005,53,673.1,156.1,46.9,150.4
372,View_005,62,331.3,165.5,44.4,126.9
372,View_005,66,120.9,166.4,58.7,191.9
373,View_005,53,677.7,161.8,42.3,144.9
373,View_005,62,329.3,164.3,44.9,126.6
373,View_005,66,116.8,167.4,62.7,192.6
374,View_005,53,683.9,173.8,36.1,133.3
374,View_005,62,326.0,163.3,45.1,124.9
374,View_005,66,104.3,161.4,69.8,202.3
375,View_005,62,323.2,163.3,45.1,123.5
375,View_005,66,92.3,165.5,73.7,203.8
376,View_005,62,320.3,163.8,44.8,122.4
376,View_005,66,79.7,162.6,77.0,208.8
377,View_005,62,318.0,162.6,44.2,121.1
377,View_005,66,70.0,161.4,78.8,210.6
378,View_005,62,316.0,162.0,43.6,119.3
378,View_005,66,60.3,163.5,81.3,214.8
379,View_005,62,314.0,162.0,42.7,117.3
379,View_005,66,55.0,167.5,83.6,217.2
380,View_005,62,310.9,162.1,42.1,116.1
380,View_005,66,52.6,167.3,86.9,222.3
381,View_005,62,307.7,161.5,41.1,113.6
381,View_005,66,52.7,167.5,88.7,223.5
382,View_005,62,303.6,160.6,40.8,111.8
382,View_005,66,51.2,167.6,91.4,228.3
383,View_005,62,301.0,161.0,40.5,110.2
383,View_005,66,49.7,168.1,94.9,235.4
384,View_005,62,298.2,160.8,40.2,110.0
384,View_005,66,51.1,169.1,96.8,239.7
385,View_005,62,295.9,160.0,39.3,107.9
385,View_005,66,54.4,170.2,96.8,241.0
386,View_005,62,293.0,160.0,38.4,105.5
386,View_005,66,61.1,171.6,95.3,240.9
387,View_005,62,289.6,160.4,38.0,104.2
387,View_005,66,78.1,172.9,95.9,241.9
388,View_005,62,285.9,160.3,37.7,103.5
388,View_005,66,88.0,174.6,95.9,242.0
389,View_005,62,281.7,159.9,37.2,102.0
389,View_005,66,101.8,175.7,95.1,241.5
390,View_005,62,277.1,160.4,36.6,99.7
390,View_005,66,125.3,176.0,97.0,247.5
391,View_005,62,273.3,161.1,36.2,98.3
391,View_005,66,143.0,177.4,97.7,248.9
392,View_005,62,268.4,159.0,36.2,98.7
392,View_005,66,155.4,178.9,99.5,250.3
393,View_005,62,264.8,157.2,35.6,98.0
393,View_005,66,167.8,176.9,99.5,253.5
394,View_005,62,262.2,155.4,35.6,99.3
394,View_005,66,188.3,176.6,96.2,254.3
395,View_005,66,209.8,177.2,94.0,253.3
396,View_005,66,226.7,179.2,94.3,251.1
396,View_005,62,257.5,155.5,26.8,71.3
397,View_005,66,236.0,181.0,95.1,249.2
397,View_005,62,251.1,154.0,33.1,88.9
398,View_005,66,246.6,180.1,94.5,249.0
398,View_005,62,246.1,153.0,34.8,93.6
399,View_005,66,265.9,180.8,91.2,248.1
399,View_005,62,241.5,153.0,35.7,95.8
400,View_005,66,286.6,181.3,90.4,249.8
400,View_005,62,237.9,153.2,35.6,96.2
401,View_005,66,302.4,183.1,90.9,247.6
401,View_005,62,236.0,153.6,35.0,95.5
402,View_005,66,312.1,188.7,90.2,242.3
402,View_005,62,233.2,152.6,34.3,95.8
403,View_005,66,324.2,195.6,87.4,235.7
403,View_005,62,230.1,152.0,33.3,95.1
404,View_005,66,367.5,191.1,87.5,238.1
404,View_005,62,217.2,152.6,35.0,96.2
405,View_005,66,384.9,189.1,88.0,239.4
405,View_005,62,212.3,152.3,36.4,96.8
406,View_005,66,389.2,187.1,89.8,241.0
406,View_005,62,210.4,151.9,37.7,97.4
407,View_005,66,390.9,184.9,91.6,243.1
407,View_005,62,209.4,151.8,38.7,97.5
408,View_005,66,392.5,183.1,92.7,244.5
408,View_005,62,209.1,151.8,39.5,97.6
409,View_005,66,392.1,182.5,93.0,245.1
409,View_005,62,208.6,151.7,40.0,97.7
410,View_005,66,390.3,182.5,92.7,245.3
410,View_005,62,209.8,152.2,39.9,97.4
411,View_005,66,387.1,182.1,92.1,245.4
411,View_005,62,209.5,153.3,40.2,98.3
412,View_005,66,383.5,182.4,91.6,244.9
412,View_005,62,209.3,153.9,40.6,98.1
413,View_005,66,380.6,182.9,91.6,244.4
413,View_005,62,209.8,154.2,41.6,99.6
414,View_005,66,378.1,182.7,91.7,244.5
414,View_005,62,213.5,155.0,41.1,99.0
415,View_005,66,376.8,183.4,91.6,243.9
415,View_005,62,216.2,154.7,40.7,99.5
416,View_005,66,376.1,183.6,91.2,243.8
416,View_005,62,218.4,154.0,40.7,100.8
417,View_005,66,377.6,183.7,90.2,243.5
417,View_005,62,220.1,154.4,40.4,101.4
418,View_005,66,381.1,183.8,88.8,243.4
418,View_005,62,221.7,155.3,40.1,101.5
419,View_005,66,382.3,182.2,88.5,245.2
419,View_005,62,222.9,155.7,40.5,102.5
420,View_005,66,378.9,181.2,89.1,246.3
420,View_005,62,225.6,155.4,41.4,103.4
421,View_005,66,376.2,180.6,89.9,246.8
421,View_005,62,227.5,155.0,42.6,106.3
422,View_005,66,377.9,180.6,90.5,246.6
422,View_005,62,229.8,156.6,42.7,107.1
423,View_005,66,382.0,181.2,91.3,246.0
423,View_005,62,231.8,157.4,42.6,107.7
424,View_005,66,384.9,180.6,92.5,246.9
424,View_005,62,233.6,156.6,42.8,109.0
425,View_005,66,384.8,178.3,93.8,249.4
425,View_005,62,236.2,156.7,43.0,110.0
426,View_005,66,385.0,179.0,93.8,248.7
426,View_005,62,240.3,157.7,43.0,110.0
427,View_005,66,383.9,182.2,92.4,245.6
427,View_005,62,244.9,158.3,43.2,111.1
428,View_005,66,382.3,186.0,90.4,241.6
428,View_005,62,250.2,158.9,43.3,111.2
429,View_005,66,380.5,188.3,89.3,239.3
429,View_005,62,254.2,159.2,44.3,112.9
430,View_005,66,379.8,188.4,88.8,239.1
430,View_005,62,256.8,160.9,45.1,114.2
431,View_005,66,379.5,187.9,88.5,239.6
431,View_005,62,260.7,162.6,44.6,113.1
432,View_005,66,378.7,187.7,87.7,239.8
432,View_005,62,264.7,162.2,45.0,115.5
433,View_005,66,377.6,186.8,87.1,240.6
433,View_005,62,269.0,162.5,45.0,116.0
434,View_005,66,373.4,187.2,87.1,240.2
434,View_005,62,276.9,163.7,45.5,117.2
435,View_005,66,371.1,187.2,87.1,239.4
435,View_005,62,281.2,164.5,45.5,118.2
436,View_005,66,370.0,186.1,87.2,239.5
436,View_005,62,287.0,164.6,45.6,119.3
437,View_005,66,368.9,183.8,87.9,241.1
437,View_005,62,293.7,164.1,46.1,122.2
438,View_005,66,367.3,183.7,88.3,240.9
438,View_005,62,300.0,164.8,46.0,123.1
439,View_005,66,366.9,182.3,88.9,242.0
439,View_005,62,305.8,165.3,46.2,124.6
440,View_005,66,367.4,181.6,88.9,242.4
440,View_005,62,312.1,164.9,46.7,128.1
441,View_005,66,367.5,181.0,89.0,242.9
441,View_005,62,318.7,164.7,46.3,128.8
442,View_005,66,368.9,181.2,88.6,242.8
442,View_005,62,327.7,166.8,46.9,129.0
443,View_005,66,370.7,181.7,87.7,242.0
443,View_005,62,333.1,167.9,47.5,128.9
444,View_005,66,371.0,182.3,86.5,240.1
444,View_005,62,342.3,166.6,48.0,130.2
445,View_005,66,375.7,184.4,84.4,237.5
445,View_005,62,355.6,168.4,46.9,129.3
446,View_005,66,380.5,186.7,82.3,234.7
446,View_005,62,364.1,171.0,45.5,126.1
447,View_005,66,381.1,187.7,82.6,232.7
447,View_005,62,373.1,170.0,46.7,130.1
448,View_005,66,387.9,186.8,82.3,231.0
448,View_005,62,391.6,168.8,36.5,100.3
449,View_005,66,396.4,185.8,82.1,229.8
449,View_005,62,404.8,169.6,32.0,86.4
450,View_005,66,404.4,187.3,81.7,227.8
450,View_005,62,419.9,172.0,26.6,69.2
451,View_005,66,411.3,188.7,81.6,226.0
451,View_005,62,433.7,170.8,24.6,61.5
452,View_005,66,419.3,191.2,80.8,222.6
452,View_005,62,449.9,171.2,25.0,57.9
453,View_005,66,431.2,187.7,80.2,223.4
453,View_005,62,464.0,171.5,25.7,57.0
454,View_005,66,443.3,184.2,79.9,225.9
455,View_005,66,459.5,180.7,80.9,226.5
456,View_005,66,467.6,181.1,81.5,224.8
457,View_005,66,473.4,178.2,82.1,225.9
458,View_005,66,493.9,177.4,81.8,226.0
459,View_005,66,510.2,178.0,81.1,225.4
460,View_005,66,520.2,179.5,80.9,223.5
461,View_005,66,533.1,179.7,81.5,222.3
462,View_005,66,549.2,180.2,78.8,216.4
463,View_005,66,558.3,180.0,77.9,215.2
463,View_005,72,607.6,182.9,41.7,143.1
464,View_005,66,569.5,182.6,78.6,211.6
464,View_005,73,673.1,190.6,46.9,159.0
465,View_005,66,575.7,182.5,79.2,209.8
465,View_005,73,671.2,183.8,48.8,166.5
466,View_005,66,591.5,180.8,79.4,209.9
466,View_005,73,667.7,182.4,52.1,169.2
467,View_005,66,605.3,178.7,79.4,212.0
467,View_005,73,660.3,181.6,52.5,170.2
468,View_005,66,624.1,180.4,80.3,210.4
468,View_005,73,669.4,181.7,50.4,164.8
469,View_005,66,635.0,180.9,80.8,209.4
470,View_005,66,649.0,179.8,71.0,207.0
470,View_005,72,622.0,180.3,51.2,173.4
471,View_005,72,610.2,180.0,53.4,175.5
471,View_005,73,664.8,180.0,55.2,201.2
472,View_005,72,595.7,180.4,56.0,176.2
472,View_005,73,668.8,191.6,51.2,194.2
473,View_005,72,586.5,180.9,57.9,175.7
473,View_005,73,672.9,205.3,47.1,179.6
474,View_005,72,576.1,180.4,57.4,174.7
475,View_005,72,564.9,178.4,58.9,179.4
476,View_005,72,546.4,179.7,59.8,178.1
477,View_005,72,534.1,180.6,61.2,179.2
478,View_005,72,525.7,180.6,61.3,179.5
479,View_005,72,513.8,178.6,61.5,182.5
480,View_005,72,495.5,178.3,62.9,182.6
481,View_005,72,479.2,179.6,65.2,182.1
482,View_005,72,469.0,179.6,66.4,182.2
483,View_005,72,459.8,179.6,64.8,181.2
484,View_005,72,444.7,179.3,64.8,183.7
485,View_005,72,426.6,178.3,65.9,184.7
486,View_005,72,415.8,179.6,67.7,185.2
487,View_005,72,405.1,179.7,67.5,185.6
488,View_005,72,394.2,178.1,66.2,187.8
489,View_005,72,371.9,178.5,67.3,187.5
490,View_005,72,357.2,177.7,69.9,189.0
491,View_005,72,349.0,178.1,71.5,188.9
492,View_005,72,338.3,178.0,69.6,187.3
493,View_005,72,325.0,176.6,69.3,190.5
494,View_005,72,305.6,176.9,70.3,192.0
495,View_005,72,294.6,177.3,72.0,195.2
496,View_005,72,287.8,176.5,72.5,197.5
497,View_005,72,275.6,177.1,70.3,196.9
498,View_005,72,262.3,176.1,70.3,198.3
499,View_005,72,245.7,176.0,72.0,199.7
500,View_005,72,236.5,176.8,74.0,202.1
501,View_005,72,228.4,176.8,74.1,202.9
502,View_005,72,212.3,176.3,74.0,207.0
503,View_005,72,198.3,176.9,74.7,211.9
504,View_005,72,184.5,177.9,76.0,213.7
505,View_005,72,173.4,178.0,78.1,217.8
506,View_005,72,157.9,177.7,78.5,219.2
507,View_005,72,141.1,175.7,78.7,221.4
508,View_005,72,125.3,176.5,79.9,220.9
509,View_005,72,113.8,177.0,82.3,221.2
510,View_005,72,104.6,174.6,84.4,224.2
511,View_005,72,80.4,173.3,84.3,225.8
512,View_005,72,65.7,173.1,84.2,230.1
513,View_005,72,46.8,173.7,86.6,231.2
514,View_005,72,36.4,174.5,89.2,234.0
515,View_005,72,16.3,174.3,90.8,235.7
516,View_005,72,0.0,177.9,86.5,231.7
517,View_005,72,0.0,176.2,75.0,234.1
518,View_005,72,0.0,176.8,70.1,233.6
519,View_005,72,0.0,177.5,62.8,232.0
519,View_005,77,669.9,165.4,48.9,179.1
520,View_005,77,669.3,163.8,49.2,180.1
521,View_005,77,658.8,160.8,49.9,182.9
522,View_005,77,639.9,160.7,51.2,183.1
523,View_005,77,626.1,162.2,53.0,181.6
524,View_005,77,618.8,162.7,54.7,180.4
524,View_005,78,690.4,172.8,23.2,126.1
525,View_005,77,605.0,160.3,55.6,182.6
525,View_005,78,684.9,170.8,24.0,128.1
526,View_005,77,591.6,159.7,55.4,183.2
526,View_005,78,682.5,169.6,24.9,129.0
527,View_005,77,568.3,160.1,56.8,181.0
527,View_005,78,672.0,168.6,25.5,129.9
528,View_005,77,555.8,160.5,58.9,179.3
528,View_005,78,656.5,167.8,27.3,130.3
529,View_005,77,545.7,160.4,60.3,179.4
529,View_005,78,643.5,168.5,29.6,129.4
530,View_005,77,534.5,156.3,60.3,181.9
530,View_005,78,634.2,168.2,31.4,129.4
531,View_005,77,518.0,155.6,59.6,181.3
531,View_005,78,621.9,167.4,31.7,127.9
532,View_005,77,499.9,156.8,61.6,180.7
532,View_005,78,608.5,165.9,32.9,128.3
533,View_005,77,488.6,157.6,64.1,179.3
533,View_005,78,592.5,166.6,35.2,127.2
534,View_005,77,481.0,156.9,65.9,179.0
534,View_005,78,583.7,166.6,37.7,126.5
535,View_005,77,469.3,154.6,64.3,179.1
535,View_005,78,573.3,166.0,38.2,124.3
536,View_005,77,454.8,154.8,62.5,178.4
536,View_005,78,562.2,165.8,38.0,122.7
537,View_005,77,434.4,154.7,64.4,177.9
537,View_005,78,547.9,165.5,39.1,122.0
538,View_005,77,423.9,153.7,66.6,177.6
538,View_005,78,538.5,165.0,41.2,123.4
539,View_005,77,415.3,153.4,67.5,177.5
539,View_005,78,531.7,164.5,42.4,123.0
540,View_005,77,405.2,149.9,66.3,178.4
540,View_005,78,524.0,162.8,42.3,123.6
541,View_005,77,390.4,150.8,64.0,176.4
541,View_005,78,511.7,163.1,41.0,121.4
542,View_005,77,373.4,150.9,65.5,176.8
542,View_005,78,497.8,162.9,42.1,120.1
543,View_005,77,363.1,151.4,67.2,175.0
543,View_005,78,487.7,161.9,44.3,119.8
544,View_005,77,355.2,150.5,68.1,175.8
544,View_005,78,480.6,163.3,44.6,117.8
545,View_005,77,343.2,147.2,66.2,177.1
545,View_005,78,469.1,161.2,43.6,117.7
546,View_005,77,328.4,145.8,64.7,177.4
546,View_005,78,458.7,161.7,42.5,116.0
547,View_005,77,309.7,147.5,65.4,174.2
547,View_005,78,447.0,160.8,43.4,116.0
548,View_005,77,300.1,148.2,67.1,173.1
548,View_005,78,438.8,159.7,44.7,117.7
549,View_005,77,290.7,145.8,66.7,172.6
549,View_005,78,429.2,158.2,43.4,116.5
550,View_005,77,277.4,144.2,65.1,173.0
550,View_005,78,421.7,156.5,43.1,117.2
551,View_005,77,260.6,144.1,64.6,172.5
551,View_005,78,409.3,156.8,44.3,116.5
552,View_005,77,245.3,143.6,66.7,173.2
552,View_005,78,401.5,156.5,46.2,116.3
553,View_005,77,236.4,145.6,68.1,171.3
553,View_005,78,395.0,154.2,47.6,117.9
554,View_005,77,226.9,142.9,69.0,174.3
554,View_005,78,384.0,153.6,47.6,117.5
555,View_005,77,210.2,141.9,66.7,175.8
555,View_005,78,373.0,153.7,47.3,116.6
556,View_005,77,193.3,141.8,66.6,175.7
556,View_005,78,368.3,154.6,46.2,115.1
557,View_005,77,179.3,143.3,68.1,174.0
557,View_005,78,365.6,151.6,46.3,118.0
558,View_005,77,171.2,144.6,69.0,172.1
558,View_005,78,364.4,150.0,45.9,119.5
559,View_005,77,158.1,143.6,67.7,172.1
559,View_005,78,364.4,150.0,45.0,119.7
560,View_005,77,140.9,142.6,66.6,173.7
560,View_005,78,363.7,150.8,44.1,119.6
561,View_005,77,124.1,145.2,67.0,170.8
561,View_005,78,364.1,152.1,42.6,117.8
562,View_005,77,113.8,146.7,68.9,169.6
562,View_005,78,362.1,153.4,42.1,116.5
563,View_005,77,105.1,147.8,69.3,169.4
563,View_005,78,367.7,154.2,40.8,115.8
564,View_005,77,93.6,147.1,67.7,169.3
564,View_005,78,371.4,154.0,40.5,115.8
565,View_005,77,74.9,145.7,67.4,171.6
565,View_005,78,371.7,154.6,40.4,115.9
566,View_005,77,56.0,144.8,69.6,172.0
566,View_005,78,370.1,155.2,40.0,115.6
567,View_005,77,45.7,149.1,70.8,168.7
567,View_005,78,369.3,154.7,40.2,116.9
568,View_005,77,35.9,144.9,72.0,172.2
568,View_005,78,369.0,154.1,40.1,117.4
569,View_005,77,11.9,140.4,72.4,176.4
569,View_005,78,367.8,154.3,40.6,119.5
570,View_005,77,0.0,140.1,69.8,176.9
570,View_005,78,367.4,154.7,41.1,120.8
571,View_005,77,0.0,139.8,64.6,177.9
571,View_005,78,367.4,154.7,41.4,121.3
572,View_005,77,0.0,148.3,59.9,168.2
572,View_005,78,368.7,154.9,41.2,120.8
573,View_005,78,375.9,155.7,41.9,120.4
574,View_005,78,380.5,156.3,43.2,120.3
575,View_005,78,382.4,156.2,44.5,121.6
576,View_005,78,387.7,155.9,44.9,121.6
577,View_005,78,399.8,156.5,44.2,122.2
578,View_005,78,409.9,161.7,42.3,117.8
579,View_005,78,418.2,160.0,44.3,120.1
580,View_005,78,424.5,160.0,45.5,120.8
581,View_005,78,439.0,159.1,45.1,122.1
582,View_005,78,449.0,159.1,44.6,122.1
583,View_005,78,461.2,160.2,46.5,121.7
584,View_005,78,467.8,160.3,48.2,122.0
585,View_005,78,480.1,159.5,48.4,123.3
586,View_005,78,496.8,159.8,48.0,124.0
587,View_005,78,509.2,161.6,49.4,123.3
588,View_005,78,517.8,163.5,51.0,122.5
589,View_005,78,530.5,163.7,50.4,122.2
590,View_005,78,544.1,163.3,49.7,123.1
591,View_005,78,557.5,165.3,50.5,121.5
592,View_005,78,564.8,166.7,51.8,121.1
593,View_005,78,579.2,165.4,52.0,122.0
594,View_005,78,595.8,164.7,52.2,123.7
594,View_005,80,690.5,173.6,23.9,137.9
595,View_005,78,608.5,165.7,54.4,125.4
595,View_005,80,685.0,172.7,24.6,139.2
596,View_005,78,615.4,167.2,55.1,124.5
596,View_005,80,679.1,172.9,25.6,139.9
597,View_005,78,629.2,169.1,52.4,120.0
597,View_005,80,669.0,169.5,26.8,142.0
598,View_005,78,634.0,168.0,60.2,136.3
599,View_005,78,630.6,170.4,63.0,139.8
600,View_005,78,655.5,170.2,59.1,131.7
600,View_005,80,634.9,169.9,29.1,141.9
601,View_005,80,621.7,169.2,29.9,139.9
602,View_005,80,608.5,168.9,32.3,142.2
603,View_005,80,593.1,168.7,35.2,143.0
604,View_005,80,583.6,166.8,37.1,145.0
605,View_005,80,571.5,167.1,37.1,144.2
606,View_005,80,557.1,167.1,38.3,145.2
607,View_005,80,541.5,168.6,40.8,143.7
608,View_005,80,532.7,166.4,44.0,146.7
609,View_005,80,522.4,165.1,44.6,147.7
610,View_005,80,510.2,163.8,45.0,148.6
611,View_005,80,494.0,164.6,46.9,147.5
612,View_005,80,479.0,166.5,50.1,145.4
613,View_005,80,468.7,166.5,53.1,145.3
614,View_005,80,457.0,164.2,54.3,147.2
615,View_005,80,440.4,162.7,53.8,148.1
616,View_005,80,421.4,162.7,55.4,147.9
617,View_005,80,410.4,163.2,57.0,147.2
618,View_005,80,401.1,161.6,57.6,147.8
619,View_005,80,389.7,158.2,56.1,149.7
620,View_005,80,370.2,159.0,56.8,149.3
621,View_005,80,357.1,160.6,58.7,148.8
622,View_005,80,348.5,159.8,61.0,150.6
623,View_005,80,336.7,157.3,60.6,153.2
624,View_005,80,320.4,156.6,59.8,154.0
625,View_005,80,304.8,157.1,60.5,154.0
626,View_005,80,293.9,156.3,62.5,155.3
627,View_005,80,285.6,155.8,62.2,154.8
628,View_005,80,271.8,153.7,60.6,156.8
629,View_005,80,256.4,154.7,60.2,156.0
630,View_005,80,244.3,156.5,61.0,153.9
631,View_005,80,235.3,154.9,61.9,156.1
632,View_005,80,224.8,154.2,59.9,155.7
633,View_005,80,211.6,154.2,58.5,156.4
634,View_005,80,193.9,154.7,60.4,156.5
635,View_005,80,184.9,154.6,62.3,157.7
636,View_005,80,175.7,154.4,61.6,157.6
637,View_005,80,161.9,153.4,60.6,159.9
638,View_005,80,149.3,154.1,60.4,160.1
639,View_005,80,137.0,153.9,62.3,162.1
640,View_005,80,129.8,153.2,63.0,163.1
641,View_005,80,119.0,152.7,61.7,163.9
642,View_005,80,104.1,153.4,60.7,163.8
643,View_005,80,86.9,153.9,62.9,164.5
644,View_005,80,78.3,155.9,64.8,164.2
644,View_005,86,698.1,173.4,21.9,129.1
645,View_005,80,68.6,153.7,65.3,165.8
645,View_005,86,687.6,169.9,24.9,130.2
646,View_005,80,56.5,152.0,65.3,169.9
646,View_005,86,675.0,168.8,26.3,130.9
647,View_005,80,40.6,151.8,66.7,173.3
647,View_005,86,663.6,168.5,27.7,129.8
648,View_005,80,29.8,153.3,67.7,173.7
648,View_005,86,655.0,167.0,28.3,127.1
649,View_005,80,22.5,153.7,68.7,175.9
649,View_005,86,645.2,165.4,28.8,126.7
650,View_005,80,6.4,152.4,67.8,178.3
650,View_005,86,626.4,165.7,30.6,126.1
651,View_005,80,0.0,150.9,62.6,181.1
651,View_005,86,612.9,167.7,32.8,123.6
652,View_005,80,0.0,153.6,56.0,180.4
652,View_005,86,603.5,166.7,34.8,123.2
652,View_005,88,663.6,193.2,55.3,162.4
653,View_005,80,0.0,160.1,52.0,173.5
653,View_005,86,593.1,164.6,35.5,123.0
653,View_005,88,657.8,189.6,55.8,164.3
654,View_005,80,0.0,169.4,46.5,163.4
654,View_005,86,581.1,164.0,36.0,122.7
654,View_005,88,636.4,187.4,56.8,165.8
655,View_005,86,565.7,164.3,37.6,122.0
655,View_005,88,618.8,188.7,57.7,164.4
656,View_005,86,553.7,164.8,40.1,120.6
656,View_005,88,604.1,185.4,59.2,166.1
657,View_005,86,545.1,163.2,41.8,120.9
657,View_005,88,591.3,183.4,58.1,164.8
658,View_005,86,533.4,159.7,41.8,122.5
658,View_005,88,568.6,184.0,58.4,164.1
659,View_005,86,522.1,158.9,41.9,122.1
659,View_005,88,553.6,184.6,59.1,161.7
660,View_005,86,507.3,159.8,43.0,119.8
660,View_005,88,542.2,183.6,60.3,162.7
661,View_005,86,494.7,161.1,42.8,117.3
661,View_005,88,528.0,180.8,58.4,160.1
662,View_005,86,486.9,159.4,43.0,118.4
662,View_005,88,509.1,180.6,58.0,156.6
663,View_005,86,480.3,158.5,42.5,119.4
663,View_005,88,494.5,183.0,59.1,153.5
664,View_005,86,467.0,160.1,41.8,115.4
664,View_005,88,483.2,180.1,60.5,154.2
665,View_005,86,453.2,161.0,42.3,112.5
665,View_005,88,473.6,180.5,57.8,149.4
666,View_005,86,441.1,167.6,41.4,106.5
666,View_005,88,462.1,179.0,57.1,149.6
667,View_005,86,432.5,161.2,43.5,114.1
667,View_005,88,445.5,179.9,57.6,148.1
668,View_005,88,435.7,176.5,59.4,151.4
669,View_005,88,422.9,172.8,57.4,149.0
670,View_005,88,411.1,171.1,56.5,147.5
670,View_005,86,396.9,168.9,41.0,104.9
671,View_005,88,397.5,172.0,56.5,144.6
671,View_005,86,386.8,161.5,45.2,116.5
672,View_005,88,389.1,171.2,57.1,143.9
673,View_005,88,382.1,171.1,55.7,140.4
674,View_005,88,376.9,168.5,53.8,138.3
674,View_005,86,358.8,156.1,45.0,117.4
675,View_005,88,368.6,168.7,52.5,137.3
675,View_005,86,344.4,157.7,45.3,117.4
676,View_005,88,360.2,169.8,51.9,136.3
676,View_005,86,335.6,157.6,45.2,118.5
677,View_005,88,355.8,173.0,50.3,132.3
677,View_005,86,331.7,155.1,45.4,121.7
678,View_005,88,349.2,170.1,49.1,131.9
678,View_005,86,326.8,154.2,44.5,122.4
679,View_005,88,340.8,168.9,48.8,132.1
679,View_005,86,317.0,154.3,44.8,124.1
679,View_005,93,4.7,169.8,21.2,135.9
680,View_005,88,329.8,166.5,49.7,133.4
680,View_005,86,304.0,155.5,45.2,124.2
680,View_005,93,12.2,156.7,23.8,149.4
681,View_005,88,324.8,166.8,49.1,132.0
681,View_005,86,297.2,156.4,44.8,124.3
681,View_005,93,15.5,155.8,24.8,149.6
682,View_005,88,320.7,164.3,48.7,132.2
682,View_005,86,292.0,155.9,43.7,124.1
682,View_005,93,17.7,155.0,25.4,146.7
683,View_005,88,315.9,162.6,48.1,131.5
683,View_005,86,279.7,153.5,44.6,127.1
683,View_005,93,26.8,155.9,25.6,142.3
684,View_005,88,312.1,162.8,47.4,130.3
684,View_005,86,267.0,154.7,45.9,126.7
684,View_005,93,32.6,156.9,26.5,140.9
685,View_005,88,309.9,163.4,47.1,130.3
685,View_005,86,259.4,156.6,47.2,125.2
685,View_005,93,37.9,158.0,27.1,138.4
685,View_005,95,8.2,144.9,55.8,210.9
686,View_005,88,307.6,163.1,46.1,128.7
686,View_005,86,251.3,156.8,49.2,127.6
686,View_005,93,45.4,152.8,28.6,143.1
686,View_005,95,10.8,144.9,56.4,211.6
687,View_005,88,306.3,162.4,45.0,126.3
687,View_005,86,243.7,154.7,49.9,130.6
687,View_005,95,15.1,143.2,56.8,211.2
688,View_005,88,304.7,162.0,44.4,124.8
688,View_005,86,231.4,153.9,50.8,132.5
688,View_005,95,37.0,140.2,57.5,213.2
689,View_005,88,303.3,162.9,43.7,122.7
689,View_005,86,219.9,155.2,51.3,131.9
689,View_005,95,57.3,142.6,58.6,210.5
690,View_005,88,301.2,163.3,43.3,121.4
690,View_005,86,209.7,156.0,53.0,134.0
690,View_005,95,67.0,145.4,60.1,206.7
690,View_005,93,57.7,156.9,26.6,131.7
691,View_005,88,297.5,162.3,42.9,120.3
691,View_005,86,199.6,153.9,53.3,137.3
691,View_005,95,77.5,144.6,61.4,206.4
691,View_005,93,65.5,157.0,27.4,128.5
692,View_005,88,295.3,162.1,42.0,118.1
692,View_005,86,189.3,152.3,52.7,139.3
692,View_005,95,94.2,143.5,60.4,204.2
692,View_005,93,69.4,155.6,28.5,126.8
692,View_005,99,664.1,185.0,52.5,235.6
693,View_005,88,294.2,162.1,41.1,116.1
693,View_005,86,176.2,152.9,52.8,139.1
693,View_005,95,112.4,143.7,59.8,203.1
693,View_005,93,71.7,155.0,29.8,126.6
693,View_005,99,643.5,186.4,53.5,235.0
694,View_005,88,293.0,161.5,40.5,115.7
694,View_005,86,170.8,154.4,52.2,137.9
694,View_005,95,131.6,144.4,62.2,201.2
694,View_005,93,73.1,155.4,30.8,125.4
694,View_005,99,626.1,188.0,54.7,233.6
695,View_005,88,292.9,160.2,39.9,115.9
695,View_005,95,139.8,146.6,64.6,197.7
695,View_005,93,74.0,155.5,31.6,124.5
695,View_005,99,605.9,184.8,56.6,237.7
696,View_005,88,293.7,160.1,39.2,115.4
696,View_005,95,145.8,146.7,66.7,197.5
696,View_005,93,74.6,155.5,32.2,122.4
696,View_005,99,577.3,184.8,59.2,241.9
697,View_005,88,295.9,160.9,38.5,114.2
697,View_005,95,164.6,147.2,65.5,196.4
697,View_005,93,75.3,154.6,32.7,120.6
697,View_005,99,545.5,187.6,62.6,244.3
697,View_005,86,136.7,153.5,53.4,142.8
698,View_005,88,298.6,161.7,38.8,116.0
698,View_005,95,182.2,145.6,65.1,197.6
698,View_005,93,75.9,154.5,33.3,119.6
698,View_005,99,520.8,185.4,64.5,247.7
698,View_005,86,130.2,153.4,54.5,144.3
699,View_005,88,303.3,163.5,38.4,115.0
699,View_005,95,200.9,148.1,67.0,194.8
699,View_005,93,78.6,156.1,33.4,117.4
699,View_005,99,483.0,184.7,67.3,248.6
699,View_005,86,123.7,154.0,54.9,145.1
700,View_005,88,307.7,164.4,38.6,115.3
700,View_005,95,210.2,150.1,69.0,192.9
700,View_005,93,81.0,156.0,34.0,117.6
700,View_005,99,455.5,187.8,71.2,247.0
700,View_005,86,119.0,154.0,55.0,146.3
701,View_005,88,311.9,163.7,39.1,116.9
701,View_005,95,222.4,148.6,69.4,194.3
701,View_005,93,83.0,154.4,34.2,116.4
701,View_005,99,435.2,187.4,74.0,248.8
701,View_005,86,112.8,153.4,55.4,149.6
702,View_005,88,316.8,164.1,39.9,117.8
702,View_005,95,245.6,147.7,68.3,196.5
702,View_005,93,82.9,152.6,34.8,116.4
702,View_005,99,400.7,187.4,75.5,252.6
702,View_005,86,106.8,153.1,55.4,150.8
703,View_005,88,322.1,165.7,40.7,118.3
703,View_005,95,260.6,148.5,68.3,195.6
703,View_005,93,82.2,151.8,35.2,117.8
703,View_005,99,364.1,192.1,79.5,251.9
703,View_005,86,97.9,152.3,57.1,152.9
704,View_005,88,327.2,165.9,40.2,115.4
704,View_005,95,267.5,151.6,67.5,191.0
704,View_005,93,82.0,152.3,33.7,112.2
704,View_005,99,340.1,194.7,82.3,252.9
704,View_005,86,88.1,150.0,59.7,156.1
705,View_005,88,342.2,166.2,32.8,90.7
705,View_005,99,291.1,192.0,85.6,256.8
705,View_005,86,81.2,150.0,61.1,157.7
706,View_005,88,347.2,167.2,39.1,109.5
706,View_005,99,255.8,189.4,91.2,261.0
706,View_005,86,77.0,150.5,62.4,160.6
706,View_005,95,308.7,151.3,53.6,154.9
707,View_005,88,354.8,168.7,40.9,117.5
707,View_005,99,228.7,188.3,96.3,267.3
707,View_005,86,70.5,151.7,62.4,160.3
707,View_005,95,321.9,148.4,62.0,181.9
708,View_005,99,193.9,183.5,96.9,274.4
708,View_005,86,63.0,151.1,63.6,163.0
708,View_005,95,332.5,148.9,65.6,188.1
708,View_005,101,704.3,188.3,14.3,114.0
709,View_005,99,154.5,182.2,101.1,282.4
709,View_005,86,55.1,152.2,63.1,163.1
709,View_005,95,341.2,152.6,68.0,186.9
709,View_005,101,701.0,175.0,16.4,129.9
709,View_005,93,99.9,151.0,30.9,104.0
710,View_005,99,119.7,186.7,106.1,285.2
710,View_005,86,49.9,154.6,63.3,165.0
710,View_005,95,350.5,154.9,68.3,185.1
710,View_005,101,696.7,171.1,17.5,134.7
710,View_005,93,101.7,151.1,31.7,104.8
711,View_005,99,84.7,186.5,106.2,287.8
711,View_005,86,43.8,154.8,63.2,167.6
711,View_005,95,365.3,154.0,66.6,184.8
711,View_005,101,693.2,169.7,18.6,138.1
712,View_005,99,48.0,184.2,106.1,290.0
712,View_005,95,380.2,154.5,65.8,186.0
712,View_005,101,690.4,169.7,19.6,138.6
712,View_005,88,368.7,170.2,42.0,124.2
712,View_005,93,103.7,149.5,30.3,95.7
713,View_005,99,16.4,190.4,107.9,285.1
713,View_005,95,401.1,159.3,67.4,181.8
713,View_005,101,685.6,168.5,21.4,140.6
713,View_005,88,376.3,171.0,41.7,124.1
713,View_005,93,103.9,150.3,32.9,101.9
713,View_005,86,43.1,152.6,60.8,160.0
714,View_005,99,0.0,187.0,97.9,289.3
714,View_005,95,409.5,160.4,70.4,181.6
714,View_005,101,677.9,168.8,23.2,140.5
714,View_005,88,388.5,170.5,41.6,125.7
714,View_005,93,104.3,151.1,33.8,102.7
714,View_005,86,39.2,155.0,64.6,169.7
715,View_005,95,421.5,159.8,70.9,181.9
715,View_005,101,665.7,169.1,25.9,140.3
715,View_005,88,399.7,170.5,42.8,130.2
715,View_005,93,104.9,151.1,34.0,101.1
715,View_005,86,34.8,157.1,66.8,174.7
716,View_005,95,442.2,158.2,69.6,183.1
716,View_005,101,658.3,169.4,28.6,140.2
716,View_005,88,406.3,172.9,43.5,134.3
716,View_005,93,105.6,150.4,34.5,100.9
716,View_005,86,30.6,157.2,68.7,179.0
716,View_005,104,1.2,167.5,31.7,243.5
717,View_005,95,457.9,158.8,68.9,182.5
717,View_005,101,653.6,169.5,30.9,140.0
717,View_005,88,408.5,173.4,45.3,139.0
717,View_005,93,106.7,148.9,35.1,101.3
717,View_005,86,27.8,155.1,69.3,180.1
717,View_005,104,20.1,166.0,32.5,242.1
718,View_005,95,473.1,158.1,71.7,183.5
718,View_005,101,646.6,168.6,33.0,141.5
718,View_005,88,413.1,174.3,46.0,139.7
718,View_005,93,109.4,149.3,35.5,100.9
718,View_005,86,12.7,162.9,86.3,220.4
719,View_005,95,484.3,160.9,71.9,181.2
719,View_005,101,640.3,167.9,34.9,144.0
719,View_005,88,421.7,173.0,45.5,141.2
719,View_005,93,112.8,149.3,35.9,101.0
719,View_005,86,9.5,165.2,92.8,235.0
720,View_005,95,504.1,160.4,69.2,179.7
720,View_005,101,631.2,168.7,36.2,142.9
720,View_005,88,430.2,172.8,46.0,141.8
720,View_005,93,116.9,148.6,35.8,98.7
720,View_005,86,27.9,168.3,94.1,238.6
720,View_005,104,40.4,156.9,25.1,177.5
721,View_005,95,521.3,161.1,68.3,181.7
721,View_005,101,624.3,169.7,37.6,143.2
721,View_005,88,437.0,174.0,46.9,141.2
721,View_005,93,118.4,147.6,36.7,99.2
721,View_005,86,49.6,170.2,94.6,239.0
721,View_005,104,44.9,156.5,27.4,181.7
722,View_005,95,538.2,162.9,69.4,179.5
722,View_005,101,617.6,169.6,39.1,143.9
722,View_005,88,445.7,174.7,46.7,140.1
722,View_005,93,121.9,147.3,36.2,97.1
722,View_005,86,69.9,174.0,95.5,235.1
722,View_005,104,51.0,156.7,30.8,189.9
723,View_005,95,544.8,163.1,71.5,179.3
723,View_005,101,612.7,169.0,40.1,144.9
723,View_005,88,456.1,173.0,47.2,142.3
723,View_005,86,80.9,169.3,98.0,238.3
723,View_005,104,57.4,157.1,34.6,195.2
724,View_005,95,552.5,162.5,72.5,179.7
724,View_005,101,608.1,167.5,40.3,147.3
724,View_005,88,464.3,173.0,46.8,140.7
724,View_005,86,96.1,171.3,95.1,234.2
724,View_005,104,61.8,158.1,39.2,202.9
724,View_005,93,125.5,148.0,27.8,70.9
725,View_005,95,572.9,162.8,71.8,179.2
725,View_005,88,470.7,173.9,46.8,138.3
725,View_005,86,121.2,169.2,92.9,235.6
725,View_005,104,62.8,159.3,42.8,208.4
725,View_005,93,123.6,146.5,34.8,87.9
726,View_005,95,589.5,162.7,71.0,178.8
726,View_005,88,477.1,174.9,46.9,136.4
726,View_005,86,144.6,170.5,92.5,233.4
726,View_005,104,62.9,159.8,44.9,211.0
726,View_005,93,123.8,146.8,36.6,91.9
727,View_005,95,600.0,163.1,71.2,178.5
727,View_005,88,483.1,174.1,47.0,135.0
727,View_005,86,159.1,172.8,93.2,230.0
727,View_005,104,65.8,158.8,47.0,213.2
727,View_005,93,124.3,147.2,37.1,92.8
727,View_005,101,578.5,169.5,39.5,142.9
728,View_005,95,610.6,165.0,70.5,176.8
728,View_005,88,490.8,173.5,47.0,135.4
728,View_005,86,173.8,170.9,92.5,230.5
728,View_005,104,75.2,159.2,50.1,215.8
728,View_005,93,126.4,148.9,37.0,91.5
728,View_005,101,571.4,168.5,41.7,146.5
729,View_005,95,625.2,164.9,68.5,175.5
729,View_005,88,495.8,173.9,46.6,134.7
729,View_005,86,195.5,169.6,89.3,230.7
729,View_005,104,80.7,162.9,52.2,217.3
729,View_005,93,128.4,149.0,37.1,91.8
729,View_005,101,561.3,169.5,43.4,146.7
730,View_005,95,637.9,163.2,67.6,178.0
730,View_005,88,499.2,174.7,45.9,132.1
730,View_005,86,217.0,170.2,87.7,230.2
730,View_005,104,84.1,165.4,53.9,219.5
730,View_005,93,130.7,147.1,37.2,91.8
730,View_005,101,551.9,171.4,45.4,147.1
731,View_005,88,501.6,174.2,45.5,130.8
731,View_005,86,237.5,174.5,88.1,223.7
731,View_005,104,93.8,165.8,56.5,220.5
731,View_005,93,130.7,145.9,43.0,108.1
731,View_005,101,542.5,172.3,46.3,147.7
731,View_005,108,600.8,219.1,74.7,356.7
732,View_005,88,502.3,172.5,44.9,129.9
732,View_005,86,246.5,174.3,89.6,223.5
732,View_005,104,105.0,164.7,61.9,226.8
732,View_005,93,138.2,146.3,32.5,77.6
732,View_005,101,534.3,170.7,46.3,149.6
732,View_005,108,574.1,209.9,79.5,365.6
732,View_005,95,661.2,164.5,58.8,172.4
733,View_005,86,262.7,174.1,87.6,222.7
733,View_005,104,116.9,163.7,66.6,229.4
733,View_005,108,550.7,204.1,85.8,371.2
733,View_005,95,661.8,165.6,58.2,171.9
734,View_005,86,283.0,172.7,84.8,223.8
734,View_005,104,125.6,162.3,71.6,236.0
734,View_005,108,519.0,213.8,90.2,361.6
734,View_005,95,666.8,163.1,53.2,174.1
734,View_005,88,517.9,170.8,29.4,72.1
735,View_005,86,302.2,175.3,83.3,220.1
735,View_005,104,133.6,168.6,71.8,231.9
735,View_005,108,465.9,215.7,95.2,359.6
735,View_005,95,676.0,165.7,44.0,170.5
735,View_005,93,136.3,145.2,28.5,66.2
735,View_005,101,509.2,172.4,46.6,146.5
736,View_005,86,312.9,177.6,82.7,217.0
736,View_005,104,145.9,168.7,71.2,232.7
736,View_005,108,391.6,213.5,99.6,361.9
736,View_005,93,133.0,143.3,35.6,82.8
736,View_005,101,495.6,172.5,48.8,146.9
737,View_005,104,162.4,169.9,71.4,231.8
737,View_005,108,347.5,208.0,104.5,367.7
737,View_005,93,132.8,143.5,37.2,87.0
737,View_005,101,479.3,170.1,50.6,151.5
737,View_005,113,508.7,170.0,34.2,116.6
738,View_005,104,181.5,174.3,74.3,231.2
738,View_005,108,306.5,208.7,108.6,367.0
738,View_005,93,134.8,145.0,37.1,87.2
738,View_005,101,462.3,168.2,52.6,157.7
738,View_005,113,502.9,170.5,35.1,119.7
739,View_005,104,190.2,176.6,77.8,235.1
739,View_005,108,275.9,212.0,111.4,363.7
739,View_005,93,137.2,146.4,36.3,86.0
739,View_005,101,447.9,168.5,54.5,160.1
739,View_005,113,499.2,171.8,35.4,120.0
739,View_005,86,379.0,178.2,81.5,213.8
740,View_005,104,197.0,176.1,77.9,234.8
740,View_005,108,242.2,208.1,114.3,367.6
740,View_005,93,139.7,146.1,35.5,85.0
740,View_005,101,443.1,169.6,53.6,157.5
740,View_005,113,491.0,172.1,35.3,118.2
740,View_005,86,390.1,180.0,84.2,212.3
741,View_005,108,213.5,198.6,121.3,376.7
741,View_005,93,142.6,146.8,34.5,83.6
741,View_005,113,477.2,169.4,35.6,119.8
741,View_005,86,400.5,174.6,86.9,219.3
742,View_005,108,187.3,199.1,127.6,376.2
742,View_005,93,145.1,147.4,33.5,82.5
742,View_005,86,419.4,170.2,86.5,223.7
742,View_005,101,415.2,166.8,53.6,160.4
743,View_005,108,159.5,203.8,134.0,371.6
743,View_005,93,146.9,146.8,32.7,81.7
743,View_005,86,436.2,170.0,84.0,224.3
743,View_005,101,403.7,165.6,55.2,164.8
744,View_005,108,140.9,202.2,139.6,373.2
744,View_005,93,150.6,145.9,32.1,82.1
744,View_005,86,453.2,175.3,83.1,218.6
744,View_005,101,388.6,166.7,58.3,165.7
744,View_005,104,255.3,185.3,85.9,258.3
744,View_005,113,445.0,170.8,35.6,118.7
745,View_005,108,126.6,197.1,141.7,378.4
745,View_005,93,154.9,144.8,30.5,80.1
745,View_005,86,462.3,176.8,83.0,216.4
745,View_005,101,380.1,167.8,60.2,165.8
745,View_005,104,268.0,185.6,86.4,262.4
745,View_005,113,438.3,170.7,36.5,118.7
746,View_005,108,116.6,191.5,141.8,383.1
746,View_005,93,161.4,145.4,24.0,62.6
746,View_005,86,482.7,176.5,79.7,211.0
746,View_005,101,366.6,166.0,60.7,168.1
746,View_005,104,296.3,187.4,89.8,262.6
746,View_005,113,429.8,167.1,37.5,123.2
747,View_005,108,111.2,190.2,141.3,384.9
747,View_005,93,167.1,145.1,20.4,51.9
747,View_005,86,502.2,175.6,77.5,211.6
747,View_005,101,358.6,164.8,59.9,170.4
747,View_005,104,311.4,192.4,94.2,261.2
747,View_005,113,422.5,165.9,37.6,123.7
748,View_005,108,104.1,191.9,139.9,383.4
748,View_005,93,171.9,146.3,21.3,53.9
748,View_005,86,518.4,176.3,76.5,209.1
748,View_005,104,318.4,194.0,99.5,266.1
748,View_005,113,413.5,168.5,37.9,122.6
749,View_005,108,96.2,191.3,137.7,379.2
749,View_005,93,174.5,146.5,26.2,67.5
749,View_005,86,531.3,178.4,77.2,204.5
749,View_005,104,336.2,186.8,103.0,276.3
749,View_005,113,411.2,171.3,37.6,123.8
749,View_005,101,326.1,168.6,61.0,173.4
750,View_005,108,96.7,187.0,129.4,354.9
750,View_005,93,177.2,145.8,28.4,75.6
750,View_005,86,537.3,178.0,78.0,204.0
750,View_005,104,361.8,183.6,103.5,280.5
750,View_005,101,316.6,167.3,61.3,176.1
751,View_005,108,93.7,183.6,127.1,347.7
751,View_005,93,182.7,146.9,28.4,77.0
751,View_005,86,552.9,176.9,78.1,203.2
751,View_005,104,388.4,186.1,108.1,288.9
751,View_005,101,303.5,165.3,60.7,177.8
751,View_005,113,399.3,167.0,28.6,91.8
752,View_005,108,90.5,184.1,125.3,342.7
752,View_005,93,188.5,147.8,29.3,77.9
752,View_005,86,567.6,175.5,79.6,203.9
752,View_005,104,404.0,189.8,113.7,295.6
752,View_005,101,288.0,165.2,61.7,179.5
752,View_005,113,382.3,167.0,37.4,117.0
753,View_005,108,90.2,185.5,122.4,335.4
753,View_005,93,191.6,147.9,30.6,78.7
753,View_005,86,578.3,176.4,81.1,203.1
753,View_005,104,416.1,190.5,118.2,304.7
753,View_005,101,274.6,167.2,64.0,179.4
753,View_005,113,373.8,169.0,40.4,121.2
754,View_005,108,94.2,183.8,116.1,319.1
754,View_005,93,194.9,147.3,31.0,79.3
754,View_005,86,588.7,178.2,81.3,200.7
754,View_005,104,441.4,186.1,117.7,313.2
754,View_005,101,266.8,168.4,66.0,180.5
754,View_005,113,369.2,171.5,42.3,122.0
755,View_005,108,98.1,181.8,110.0,304.2
755,View_005,93,199.7,147.0,30.6,78.8
755,View_005,86,598.8,177.7,80.7,200.8
755,View_005,104,468.0,184.3,115.9,315.8
755,View_005,101,256.1,167.7,66.4,181.9
755,View_005,113,362.8,171.0,43.2,123.9
756,View_005,108,94.0,181.4,107.4,298.9
756,View_005,93,204.1,145.5,30.5,80.5
756,View_005,86,617.0,176.4,77.2,198.8
756,View_005,104,502.2,188.2,119.6,313.3
756,View_005,101,239.2,165.2,66.9,188.6
756,View_005,113,356.6,171.0,43.3,125.1
757,View_005,108,90.0,183.8,104.1,292.4
757,View_005,93,208.5,145.8,30.4,80.6
757,View_005,86,629.4,176.3,75.4,199.2
757,View_005,104,518.5,194.0,124.1,310.3
757,View_005,101,221.1,166.4,68.6,189.9
757,View_005,113,351.7,171.6,43.6,126.2
758,View_005,108,82.4,186.4,100.7,283.6
758,View_005,93,211.1,145.8,29.3,78.8
758,View_005,86,637.5,176.6,75.0,196.4
758,View_005,104,533.2,193.8,127.6,312.7
758,View_005,101,209.0,168.0,71.2,190.8
758,View_005,113,345.8,172.8,43.6,126.8
759,View_005,108,71.1,184.9,99.4,278.4
759,View_005,86,649.9,177.8,70.1,192.7
759,View_005,104,565.9,192.3,125.7,315.6
759,View_005,101,197.7,166.8,72.2,193.2
759,View_005,113,342.0,173.8,43.8,126.5
760,View_005,108,64.0,183.2,100.1,277.7
760,View_005,104,598.6,191.3,121.4,321.5
760,View_005,101,182.8,167.3,70.5,192.8
760,View_005,113,339.2,173.7,44.8,128.4
760,View_005,93,222.8,146.3,25.6,68.9
761,View_005,108,61.9,182.9,100.3,275.9
761,View_005,104,611.1,188.0,108.9,322.4
761,View_005,101,168.9,166.6,69.6,194.9
761,View_005,113,338.5,173.8,45.9,130.9
761,View_005,93,224.9,146.3,28.4,77.0
762,View_005,108,62.5,183.0,99.3,274.1
762,View_005,104,615.7,179.1,104.3,329.7
762,View_005,101,153.1,169.7,70.2,192.9
762,View_005,113,337.9,175.9,47.0,132.8
762,View_005,93,228.8,145.7,29.7,79.9
763,View_005,108,63.1,183.2,97.7,271.9
763,View_005,104,626.1,178.8,93.9,328.9
763,View_005,101,141.4,171.6,72.3,193.1
763,View_005,113,339.7,177.2,48.0,134.8
763,View_005,93,235.3,147.4,30.5,79.6
764,View_005,108,61.3,180.3,92.6,258.3
764,View_005,101,127.9,168.0,73.7,198.2
764,View_005,113,341.8,176.0,49.2,137.5
764,View_005,93,239.7,148.4,31.1,79.6
765,View_005,108,59.8,179.5,90.9,252.2
765,View_005,101,114.1,165.6,73.5,201.2
765,View_005,113,342.8,174.3,50.5,141.0
765,View_005,93,243.3,147.7,31.3,80.1
765,View_005,122,683.1,155.2,35.0,145.9
766,View_005,108,61.3,180.1,91.2,249.4
766,View_005,101,105.6,167.6,71.5,201.1
766,View_005,113,343.2,174.1,52.2,145.7
766,View_005,93,245.1,146.8,31.9,82.2
766,View_005,122,682.7,154.4,35.1,146.1
767,View_005,108,60.2,180.2,90.4,246.3
767,View_005,113,343.6,177.1,52.9,147.4
767,View_005,93,248.5,146.8,32.0,83.3
767,View_005,122,679.9,153.7,35.9,148.3
768,View_005,108,60.5,175.8,89.6,244.8
768,View_005,113,344.2,177.2,53.1,147.5
768,View_005,93,251.2,147.3,31.9,84.0
768,View_005,122,675.9,153.8,36.5,148.1
769,View_005,108,59.9,172.3,87.6,234.1
769,View_005,113,344.0,176.9,54.8,152.5
769,View_005,93,254.5,148.3,31.5,83.3
769,View_005,122,669.9,156.3,36.6,145.3
770,View_005,108,51.7,170.5,89.1,229.7
770,View_005,113,345.1,179.0,55.9,155.5
770,View_005,93,257.7,147.8,31.4,84.0
770,View_005,122,666.3,157.3,37.0,144.3
771,View_005,108,59.4,172.9,87.7,225.7
771,View_005,113,347.1,181.8,56.7,158.1
771,View_005,93,260.2,147.8,31.5,84.7
771,View_005,122,663.0,156.2,38.0,145.9
771,View_005,101,18.7,169.0,75.3,216.1
772,View_005,108,65.5,173.3,86.4,224.9
772,View_005,113,349.6,182.8,57.1,159.2
772,View_005,93,263.9,148.3,32.2,85.5
772,View_005,122,660.4,155.5,38.8,146.9
772,View_005,101,6.8,162.1,78.7,225.7
773,View_005,108,70.7,173.8,84.3,223.2
773,View_005,113,350.4,182.9,57.9,161.2
773,View_005,93,266.8,149.2,32.3,84.6
773,View_005,122,654.4,155.4,39.9,146.9
773,View_005,101,0.0,162.4,70.7,224.6
774,View_005,108,76.0,173.1,80.4,215.9
774,View_005,113,349.4,184.0,59.3,165.4
774,View_005,93,270.3,149.9,32.3,84.2
774,View_005,122,650.8,155.8,41.1,146.8
774,View_005,101,0.0,161.4,62.5,224.3
775,View_005,108,81.4,171.6,78.0,211.0
775,View_005,113,345.6,185.5,61.4,171.3
775,View_005,93,274.1,150.3,32.3,84.0
775,View_005,122,648.6,156.1,42.3,148.6
775,View_005,101,0.0,151.5,61.0,234.6
776,View_005,108,84.3,171.3,76.0,207.2
776,View_005,113,341.9,185.0,62.5,174.1
776,View_005,93,277.0,151.2,32.4,83.5
776,View_005,122,646.6,156.0,43.4,149.1
776,View_005,101,0.0,156.9,59.0,228.7
777,View_005,108,85.6,170.5,74.2,205.0
777,View_005,113,337.5,185.0,64.6,180.5
777,View_005,93,279.9,150.9,33.3,85.8
777,View_005,122,644.4,154.8,44.7,150.4
777,View_005,101,0.0,166.5,49.7,219.9
778,View_005,108,85.9,170.7,72.5,203.5
778,View_005,113,334.2,186.3,66.8,187.1
778,View_005,93,281.2,151.5,33.7,86.5
778,View_005,122,643.7,155.4,45.2,149.9
779,View_005,108,85.6,169.8,71.3,203.6
779,View_005,113,331.8,189.1,68.0,191.4
779,View_005,93,282.1,151.8,33.9,86.8
779,View_005,122,644.2,155.0,46.2,150.8
780,View_005,108,85.8,168.5,68.1,196.7
780,View_005,113,328.6,188.5,68.4,192.9
780,View_005,93,282.7,150.7,34.5,88.3
780,View_005,122,647.1,155.0,47.2,151.4
781,View_005,108,89.3,166.4,66.9,193.7
781,View_005,113,323.2,189.1,69.6,196.8
781,View_005,93,283.7,150.4,34.6,88.3
781,View_005,122,649.4,155.5,48.0,151.0
782,View_005,108,90.7,164.7,65.7,193.2
782,View_005,113,311.8,193.5,71.3,201.1
782,View_005,93,286.5,150.9,34.5,88.2
782,View_005,122,653.4,155.5,49.4,151.0
783,View_005,108,94.6,165.4,64.3,190.9
783,View_005,113,303.2,194.8,73.0,205.1
783,View_005,93,289.4,152.3,33.6,85.5
783,View_005,122,662.3,155.6,49.7,150.9
784,View_005,108,98.0,165.4,62.9,187.8
784,View_005,113,291.5,192.6,74.6,210.4
784,View_005,93,295.3,152.1,28.1,67.9
784,View_005,122,668.9,154.4,50.3,154.5
785,View_005,108,110.0,163.4,61.8,182.7
785,View_005,113,275.9,193.3,75.5,216.4
785,View_005,93,297.9,151.2,29.3,69.4
785,View_005,122,675.0,164.0,45.0,143.2
786,View_005,108,117.6,161.1,62.1,181.1
786,View_005,113,258.3,195.2,77.7,219.4
786,View_005,93,297.8,152.6,33.5,79.3
786,View_005,122,679.0,180.3,41.0,127.1
787,View_005,108,120.3,161.7,62.4,179.6
787,View_005,113,243.2,195.6,79.8,224.4
787,View_005,93,299.1,153.4,36.3,86.2
788,View_005,108,120.8,163.6,61.6,176.5
788,View_005,113,223.3,194.2,79.3,227.9
788,View_005,93,300.7,153.7,37.4,89.6
789,View_005,108,121.0,160.9,61.8,176.7
789,View_005,113,204.1,192.7,79.1,229.9
789,View_005,93,302.7,153.4,37.8,91.9
790,View_005,108,123.2,157.6,61.2,174.3
790,View_005,113,175.4,194.7,83.4,229.9
790,View_005,93,305.7,152.5,38.1,93.9
791,View_005,108,123.3,157.0,59.9,170.8
791,View_005,113,158.8,197.3,87.2,229.3
791,View_005,93,309.4,152.6,37.8,94.2
792,View_005,108,121.9,158.2,57.8,166.4
792,View_005,113,142.1,196.1,89.0,232.1
792,View_005,93,315.1,153.0,38.0,94.3
793,View_005,108,136.1,160.2,43.8,119.9
793,View_005,113,117.4,191.3,89.6,241.2
793,View_005,93,319.0,154.1,38.3,94.3
794,View_005,108,141.3,160.0,53.3,146.6
794,View_005,113,88.2,192.2,91.9,239.4
794,View_005,93,322.6,154.2,38.5,94.4
